image,predicted_count,true_count,sMAPE,MAE,precision,recall,f1
livecell/images/livecell_test_images/BT474_Phase_D3_1_04d04h00m_3.tif,147.27876672288403,351,40.88499187251437,203.72123327711597,0.002849002849002849,0.002849002849002849,0.0028490028490028487
livecell/images/livecell_test_images/BT474_Phase_D3_2_03d04h00m_2.tif,86.0019119639037,139,23.55450563664482,52.998088036096306,0.02158273381294964,0.02158273381294964,0.02158273381294964
livecell/images/livecell_test_images/BT474_Phase_D3_1_01d12h00m_4.tif,98.66189693714114,186,30.68134653867806,87.33810306285886,0.03225806451612903,0.03225806451612903,0.03225806451612903
livecell/images/livecell_test_images/BT474_Phase_D3_2_04d16h00m_1.tif,142.5384885201347,321,38.49982599063367,178.4615114798653,0.003115264797507788,0.003115264797507788,0.003115264797507788
livecell/images/livecell_test_images/BT474_Phase_D3_2_00d12h00m_3.tif,88.25998831088509,118,14.418701335466633,29.740011689114908,0.0423728813559322,0.0423728813559322,0.0423728813559322
livecell/images/livecell_test_images/BT474_Phase_D3_1_04d04h00m_4.tif,152.89536495975335,271,27.86174249663241,118.10463504024665,0.0036900369003690036,0.0036900369003690036,0.0036900369003690036
livecell/images/livecell_test_images/BT474_Phase_D3_1_03d16h00m_3.tif,114.47100237744598,257,38.3688085235069,142.52899762255402,0.0038910505836575876,0.0038910505836575876,0.0038910505836575876
livecell/images/livecell_test_images/BT474_Phase_D3_1_02d12h00m_4.tif,126.13344368866092,163,12.75070633165391,36.86655631133908,0.012269938650306749,0.012269938650306749,0.01226993865030675
livecell/images/livecell_test_images/BT474_Phase_D3_1_01d12h00m_2.tif,92.54839151065971,215,39.81539551804031,122.45160848934029,0.018604651162790697,0.018604651162790697,0.018604651162790697
livecell/images/livecell_test_images/BT474_Phase_D3_2_02d00h00m_2.tif,86.04944496371172,158,29.481958070827318,71.95055503628828,0.006329113924050633,0.006329113924050633,0.006329113924050633
livecell/images/livecell_test_images/BT474_Phase_D3_2_00d16h00m_2.tif,76.69970302399452,118,21.212306097311146,41.300296976005484,0.00847457627118644,0.00847457627118644,0.00847457627118644
livecell/images/livecell_test_images/BT474_Phase_D3_1_00d04h00m_2.tif,91.77975561418862,133,18.33805908062366,41.220244385811384,0.05263157894736842,0.05263157894736842,0.05263157894736842
livecell/images/livecell_test_images/BT474_Phase_D3_2_04d04h00m_2.tif,95.89641876001406,173,28.674082606060924,77.10358123998594,0.005780346820809248,0.005780346820809248,0.005780346820809248
livecell/images/livecell_test_images/BT474_Phase_D3_2_03d16h00m_4.tif,123.7806435586026,204,24.47348799199465,80.2193564413974,0.00980392156862745,0.00980392156862745,0.00980392156862745
livecell/images/livecell_test_images/BT474_Phase_D3_1_01d16h00m_2.tif,102.60772383167205,199,31.95948530221484,96.39227616832795,0.005025125628140704,0.005025125628140704,0.005025125628140704
livecell/images/livecell_test_images/BT474_Phase_D3_2_04d16h00m_4.tif,135.3854696442795,164,9.557755220959582,28.61453035572049,0.006097560975609756,0.006097560975609756,0.006097560975609756
livecell/images/livecell_test_images/BT474_Phase_D3_2_04d04h00m_3.tif,151.78335425278055,279,29.53146738176184,127.21664574721945,0.007168458781362007,0.007168458781362007,0.007168458781362007
livecell/images/livecell_test_images/BT474_Phase_D3_1_01d12h00m_3.tif,91.6756866871583,208,38.81673371596429,116.3243133128417,0.0,0.0,0.0
livecell/images/livecell_test_images/BT474_Phase_D3_2_00d00h00m_1.tif,115.3504462343335,143,10.702344109979713,27.649553765666496,0.09090909090909091,0.09090909090909091,0.09090909090909091
livecell/images/livecell_test_images/BT474_Phase_D3_1_02d12h00m_2.tif,112.40262806532701,243,36.74631576181472,130.597371934673,0.012345679012345678,0.012345679012345678,0.012345679012345678
livecell/images/livecell_test_images/BT474_Phase_D3_1_04d12h00m_2.tif,166.2240322756843,443,45.43090112359025,276.7759677243157,0.004514672686230248,0.004514672686230248,0.004514672686230248
livecell/images/livecell_test_images/BT474_Phase_D3_2_01d12h00m_3.tif,91.67136949389533,148,23.502444461786006,56.32863050610467,0.02702702702702703,0.02702702702702703,0.02702702702702703
livecell/images/livecell_test_images/BT474_Phase_D3_2_03d16h00m_2.tif,90.64870362798683,180,33.01375368670846,89.35129637201317,0.005555555555555556,0.005555555555555556,0.005555555555555556
livecell/images/livecell_test_images/BT474_Phase_D3_2_01d00h00m_2.tif,91.23783378750522,129,17.1460850132268,37.762166212494776,0.03875968992248062,0.03875968992248062,0.03875968992248062
livecell/images/livecell_test_images/BT474_Phase_D3_1_02d12h00m_3.tif,112.57413997491676,228,33.891551494069496,115.42586002508324,0.008771929824561403,0.008771929824561403,0.008771929824561403
livecell/images/livecell_test_images/BT474_Phase_D3_1_00d04h00m_4.tif,86.88168048776424,145,25.063782266017558,58.11831951223576,0.034482758620689655,0.034482758620689655,0.034482758620689655
livecell/images/livecell_test_images/BT474_Phase_D3_1_01d04h00m_2.tif,98.69060802729655,172,27.0823552050653,73.30939197270345,0.011627906976744186,0.011627906976744186,0.011627906976744184
livecell/images/livecell_test_images/BT474_Phase_D3_2_04d12h00m_4.tif,120.89762716245605,226,30.297806790221525,105.10237283754395,0.0,0.0,0.0
livecell/images/livecell_test_images/BT474_Phase_D3_2_04d00h00m_1.tif,142.80808495471138,245,26.351156412126553,102.19191504528862,0.004081632653061225,0.004081632653061225,0.004081632653061225
livecell/images/livecell_test_images/BT474_Phase_D3_1_04d00h00m_3.tif,146.17366177017539,204,16.513617254223124,57.826338229824614,0.014705882352941176,0.014705882352941176,0.014705882352941176
livecell/images/livecell_test_images/BT474_Phase_D3_2_00d12h00m_4.tif,87.74972590146353,121,15.928295931862275,33.250274098536465,0.03305785123966942,0.03305785123966942,0.03305785123966942
livecell/images/livecell_test_images/BT474_Phase_D3_2_03d16h00m_3.tif,140.20110568390373,245,27.206280763403186,104.79889431609627,0.004081632653061225,0.004081632653061225,0.004081632653061225
livecell/images/livecell_test_images/BT474_Phase_D3_2_01d12h00m_4.tif,91.40423877335706,144,22.342741787789635,52.595761226642935,0.027777777777777776,0.027777777777777776,0.027777777777777776
livecell/images/livecell_test_images/BT474_Phase_D3_1_01d00h00m_4.tif,89.61200688397366,135,20.20728711064503,45.38799311602634,0.014814814814814815,0.014814814814814815,0.014814814814814815
livecell/images/livecell_test_images/BT474_Phase_D3_2_02d04h00m_4.tif,109.20569380539382,155,17.33282335252658,45.79430619460618,0.012903225806451613,0.012903225806451613,0.012903225806451613
livecell/images/livecell_test_images/BT474_Phase_D3_1_04d04h00m_1.tif,91.33276816537546,184,33.65644868647274,92.66723183462454,0.005434782608695652,0.005434782608695652,0.005434782608695652
livecell/images/livecell_test_images/BT474_Phase_D3_2_01d16h00m_1.tif,89.30628466756025,227,43.53176715320616,137.69371533243975,0.00881057268722467,0.00881057268722467,0.00881057268722467
livecell/images/livecell_test_images/BT474_Phase_D3_2_02d00h00m_3.tif,113.13318140334013,191,25.602868531925566,77.86681859665987,0.020942408376963352,0.020942408376963352,0.020942408376963352
livecell/images/livecell_test_images/BT474_Phase_D3_1_04d16h00m_1.tif,91.80065714742523,219,40.9263429556518,127.19934285257477,0.0,0.0,0.0
livecell/images/livecell_test_images/BT474_Phase_D3_1_01d00h00m_2.tif,90.19610909280163,201,38.051295140034355,110.80389090719837,0.029850746268656716,0.029850746268656716,0.029850746268656716
livecell/images/livecell_test_images/BT474_Phase_D3_1_02d00h00m_2.tif,113.74735479369701,199,27.25926979063969,85.25264520630299,0.01507537688442211,0.01507537688442211,0.01507537688442211
livecell/images/livecell_test_images/BT474_Phase_D3_1_00d16h00m_2.tif,84.94444530839974,163,31.481066089023585,78.05555469160026,0.006134969325153374,0.006134969325153374,0.006134969325153375
livecell/images/livecell_test_images/BT474_Phase_D3_2_01d16h00m_4.tif,75.92936481961078,190,42.89508804631912,114.07063518038922,0.005263157894736842,0.005263157894736842,0.005263157894736842
livecell/images/livecell_test_images/BT474_Phase_D3_1_02d04h00m_1.tif,67.82756813856031,177,44.59155996666743,109.17243186143969,0.005649717514124294,0.005649717514124294,0.005649717514124294
livecell/images/livecell_test_images/BT474_Phase_D3_2_02d12h00m_4.tif,97.212171154737,187,31.59183101851706,89.787828845263,0.0213903743315508,0.0213903743315508,0.0213903743315508
livecell/images/livecell_test_images/BT474_Phase_D3_2_03d04h00m_4.tif,109.20594827410241,180,24.47876751787992,70.79405172589759,0.005555555555555556,0.005555555555555556,0.005555555555555556
livecell/images/livecell_test_images/BT474_Phase_D3_2_00d12h00m_2.tif,70.19555741808654,87,10.690151081826937,16.804442581913463,0.05747126436781609,0.05747126436781609,0.05747126436781609
livecell/images/livecell_test_images/BT474_Phase_D3_1_01d04h00m_4.tif,101.72804305564205,141,16.17940656958018,39.27195694435795,0.04964539007092199,0.04964539007092199,0.04964539007092198
livecell/images/livecell_test_images/BT474_Phase_D3_1_00d00h00m_3.tif,107.1843611052318,141,13.625209398439955,33.8156388947682,0.06382978723404255,0.06382978723404255,0.06382978723404255
livecell/images/livecell_test_images/BT474_Phase_D3_1_03d16h00m_1.tif,76.54917162068887,213,47.12526981705979,136.45082837931113,0.014084507042253521,0.014084507042253521,0.014084507042253521
livecell/images/livecell_test_images/BT474_Phase_D3_1_03d00h00m_1.tif,72.0221732948703,267,57.51182136855232,194.9778267051297,0.003745318352059925,0.003745318352059925,0.003745318352059925
livecell/images/livecell_test_images/BT474_Phase_D3_2_00d00h00m_4.tif,127.60981848720257,120,3.0733104743969912,7.609818487202574,0.19166666666666668,0.19166666666666668,0.19166666666666668
livecell/images/livecell_test_images/BT474_Phase_D3_1_00d00h00m_2.tif,112.61693459187518,125,5.211356433578128,12.383065408124821,0.12,0.12,0.12
livecell/images/livecell_test_images/BT474_Phase_D3_2_02d00h00m_1.tif,109.56553888368944,195,28.051256694847915,85.43446111631056,0.0,0.0,0.0
livecell/images/livecell_test_images/BT474_Phase_D3_2_04d04h00m_1.tif,137.94533710486576,287,35.076196837606744,149.05466289513424,0.010452961672473868,0.010452961672473868,0.010452961672473868
livecell/images/livecell_test_images/BT474_Phase_D3_1_01d04h00m_3.tif,101.1267422720266,174,26.487159018486572,72.8732577279734,0.005747126436781609,0.005747126436781609,0.005747126436781609
livecell/images/livecell_test_images/BT474_Phase_D3_2_03d12h00m_1.tif,118.892132945708,199,25.199701015555938,80.107867054292,0.005025125628140704,0.005025125628140704,0.005025125628140704
livecell/images/livecell_test_images/BT474_Phase_D3_1_02d04h00m_3.tif,125.65872792539449,254,33.80437815190316,128.3412720746055,0.003937007874015748,0.003937007874015748,0.003937007874015748
livecell/images/livecell_test_images/BT474_Phase_D3_1_00d16h00m_3.tif,92.2927908550555,162,27.412184557240142,69.7072091449445,0.018518518518518517,0.018518518518518517,0.018518518518518517
livecell/images/livecell_test_images/BT474_Phase_D3_1_03d00h00m_2.tif,146.57483607665927,269,29.459234124743176,122.42516392334073,0.011152416356877323,0.011152416356877323,0.011152416356877323
livecell/images/livecell_test_images/BT474_Phase_D3_2_00d04h00m_1.tif,86.03253595676506,151,27.408669354609216,64.96746404323494,0.039735099337748346,0.039735099337748346,0.039735099337748346
livecell/images/livecell_test_images/BT474_Phase_D3_1_04d16h00m_2.tif,166.25177813970367,242,18.554290738294178,75.74822186029633,0.0,0.0,0.0
livecell/images/livecell_test_images/BT474_Phase_D3_1_00d00h00m_4.tif,112.6182508093334,128,6.392594551298246,15.381749190666596,0.140625,0.140625,0.140625
livecell/images/livecell_test_images/BT474_Phase_D3_2_00d00h00m_3.tif,98.74305490561528,118,8.884688417246176,19.25694509438472,0.17796610169491525,0.17796610169491525,0.17796610169491525
livecell/images/livecell_test_images/BT474_Phase_D3_1_05d00h00m_3.tif,156.65218302728317,405,44.21736876978415,248.34781697271683,0.007407407407407408,0.007407407407407408,0.007407407407407408
livecell/images/livecell_test_images/BT474_Phase_D3_2_01d12h00m_2.tif,68.22839584111352,132,31.84943069188394,63.771604158886475,0.007575757575757576,0.007575757575757576,0.007575757575757576
livecell/images/livecell_test_images/BT474_Phase_D3_2_00d04h00m_3.tif,80.693791225327,111,15.809697633372735,30.306208774672996,0.0990990990990991,0.0990990990990991,0.0990990990990991
livecell/images/livecell_test_images/BT474_Phase_D3_1_02d00h00m_3.tif,129.71209856104542,217,25.175902946918892,87.28790143895458,0.009216589861751152,0.009216589861751152,0.009216589861751152
livecell/images/livecell_test_images/BT474_Phase_D3_2_00d16h00m_3.tif,77.29238697065011,122,22.433176554774267,44.707613029349886,0.040983606557377046,0.040983606557377046,0.040983606557377046
livecell/images/livecell_test_images/BT474_Phase_D3_2_05d00h00m_2.tif,98.48729630391608,173,27.446110632252484,74.51270369608392,0.005780346820809248,0.005780346820809248,0.005780346820809248
livecell/images/livecell_test_images/BT474_Phase_D3_2_04d16h00m_2.tif,102.5093936127596,134,13.314738119366393,31.490606387240405,0.03731343283582089,0.03731343283582089,0.03731343283582089
livecell/images/livecell_test_images/BT474_Phase_D3_2_01d04h00m_3.tif,84.12254647878581,157,30.224238498420974,72.87745352121419,0.01910828025477707,0.01910828025477707,0.01910828025477707
livecell/images/livecell_test_images/BT474_Phase_D3_2_01d12h00m_1.tif,88.93950751065131,163,29.39614085187398,74.06049248934869,0.006134969325153374,0.006134969325153374,0.006134969325153375
livecell/images/livecell_test_images/BT474_Phase_D3_2_01d00h00m_4.tif,102.68520516604622,144,16.74798243621639,41.31479483395378,0.013888888888888888,0.013888888888888888,0.013888888888888888
livecell/images/livecell_test_images/BT474_Phase_D3_2_04d12h00m_3.tif,132.98422393697547,284,36.2161845446339,151.01577606302453,0.0035211267605633804,0.0035211267605633804,0.0035211267605633804
livecell/images/livecell_test_images/BT474_Phase_D3_2_05d00h00m_4.tif,123.86938293963613,175,17.10801439660714,51.130617060363875,0.005714285714285714,0.005714285714285714,0.005714285714285713
livecell/images/livecell_test_images/BT474_Phase_D3_1_04d12h00m_4.tif,151.39584228351305,409,45.968249276582064,257.60415771648695,0.004889975550122249,0.004889975550122249,0.004889975550122249
livecell/images/livecell_test_images/BT474_Phase_D3_1_02d16h00m_1.tif,77.31606133533205,180,39.905763414764515,102.68393866466795,0.005555555555555556,0.005555555555555556,0.005555555555555556
livecell/images/livecell_test_images/BT474_Phase_D3_1_01d16h00m_4.tif,103.24009612208465,141,15.46015763891645,37.75990387791535,0.02127659574468085,0.02127659574468085,0.02127659574468085
livecell/images/livecell_test_images/BT474_Phase_D3_2_01d00h00m_1.tif,115.1736782296939,152,13.783663875243676,36.826321770306095,0.019736842105263157,0.019736842105263157,0.019736842105263157
livecell/images/livecell_test_images/BT474_Phase_D3_2_02d12h00m_2.tif,71.73360139193755,124,26.70282375451931,52.266398608062445,0.016129032258064516,0.016129032258064516,0.016129032258064516
livecell/images/livecell_test_images/BT474_Phase_D3_1_02d12h00m_1.tif,59.64484163339512,181,50.42915424361376,121.35515836660488,0.0055248618784530384,0.0055248618784530384,0.0055248618784530384
livecell/images/livecell_test_images/BT474_Phase_D3_2_04d16h00m_3.tif,159.7358699371107,195,9.940954115844306,35.26413006288931,0.015384615384615385,0.015384615384615385,0.015384615384615385
livecell/images/livecell_test_images/BT474_Phase_D3_1_02d04h00m_4.tif,128.60439627255255,202,22.20043186205534,73.39560372744745,0.0,0.0,0.0
livecell/images/livecell_test_images/BT474_Phase_D3_2_00d12h00m_1.tif,88.99475354476454,122,15.6426858491688,33.005246455235465,0.02459016393442623,0.02459016393442623,0.024590163934426226
livecell/images/livecell_test_images/BT474_Phase_D3_1_02d16h00m_3.tif,124.90478101575718,213,26.0710187998597,88.09521898424282,0.009389671361502348,0.009389671361502348,0.009389671361502348
livecell/images/livecell_test_images/BT474_Phase_D3_2_02d16h00m_4.tif,99.43189292498573,163,24.222706457856003,63.56810707501427,0.006134969325153374,0.006134969325153374,0.006134969325153375
livecell/images/livecell_test_images/BT474_Phase_D3_2_00d00h00m_2.tif,86.36680254245584,99,6.815242688695937,12.633197457544156,0.1111111111111111,0.1111111111111111,0.1111111111111111
livecell/images/livecell_test_images/BT474_Phase_D3_2_03d12h00m_3.tif,129.43758824795805,195,20.208019701445487,65.56241175204195,0.015384615384615385,0.015384615384615385,0.015384615384615385
livecell/images/livecell_test_images/BT474_Phase_D3_1_03d12h00m_4.tif,146.61962256937113,199,15.155498707286311,52.38037743062887,0.005025125628140704,0.005025125628140704,0.005025125628140704
livecell/images/livecell_test_images/BT474_Phase_D3_2_02d16h00m_2.tif,81.0700363731521,168,34.901815125048216,86.9299636268479,0.005952380952380952,0.005952380952380952,0.005952380952380952
livecell/images/livecell_test_images/BT474_Phase_D3_2_01d04h00m_4.tif,86.90564442028699,156,28.444936199243955,69.09435557971301,0.04487179487179487,0.04487179487179487,0.04487179487179487
livecell/images/livecell_test_images/BT474_Phase_D3_1_05d00h00m_2.tif,174.83228749770205,286,24.123247332762528,111.16771250229795,0.0,0.0,0.0
livecell/images/livecell_test_images/BT474_Phase_D3_1_04d16h00m_4.tif,140.81824495093315,266,30.77092942676776,125.18175504906685,0.0037593984962406013,0.0037593984962406013,0.0037593984962406013
livecell/images/livecell_test_images/BT474_Phase_D3_2_05d00h00m_1.tif,147.05727364901395,347,40.46954412273839,199.94272635098605,0.005763688760806916,0.005763688760806916,0.005763688760806916
livecell/images/livecell_test_images/BT474_Phase_D3_1_03d12h00m_2.tif,148.8762861762807,214,17.946533379170173,65.1237138237193,0.0,0.0,0.0
livecell/images/livecell_test_images/BT474_Phase_D3_1_01d16h00m_3.tif,97.65854436873633,173,27.836348491042255,75.34145563126367,0.017341040462427744,0.017341040462427744,0.017341040462427744
livecell/images/livecell_test_images/BT474_Phase_D3_1_03d12h00m_1.tif,77.54526744350733,156,33.59294470630634,78.45473255649267,0.0,0.0,0.0
livecell/images/livecell_test_images/BT474_Phase_D3_1_04d00h00m_1.tif,102.10705226012942,189,29.849138681196973,86.89294773987058,0.010582010582010581,0.010582010582010581,0.010582010582010581
livecell/images/livecell_test_images/BT474_Phase_D3_1_00d12h00m_4.tif,94.81254878229811,161,25.87341845924408,66.18745121770189,0.049689440993788817,0.049689440993788817,0.049689440993788817
livecell/images/livecell_test_images/BT474_Phase_D3_1_04d00h00m_4.tif,177.39854300035222,173,1.2552971718115273,4.39854300035222,0.011560693641618497,0.011560693641618497,0.011560693641618497
livecell/images/livecell_test_images/BT474_Phase_D3_2_04d00h00m_4.tif,138.14401574279327,254,29.544243850758267,115.85598425720673,0.015748031496062992,0.015748031496062992,0.015748031496062992
livecell/images/livecell_test_images/BT474_Phase_D3_2_01d04h00m_2.tif,72.22193561850509,114,22.4345559736215,41.778064381494914,0.03508771929824561,0.03508771929824561,0.03508771929824561
livecell/images/livecell_test_images/BT474_Phase_D3_2_01d16h00m_3.tif,87.71036222467956,160,29.18313030027864,72.28963777532044,0.0125,0.0125,0.012500000000000002
livecell/images/livecell_test_images/BT474_Phase_D3_1_03d00h00m_3.tif,132.1583676802038,217,24.29889705450311,84.84163231979619,0.004608294930875576,0.004608294930875576,0.004608294930875576
livecell/images/livecell_test_images/BT474_Phase_D3_1_02d16h00m_2.tif,131.16831768291013,222,25.71909137065984,90.83168231708987,0.013513513513513514,0.013513513513513514,0.013513513513513514
livecell/images/livecell_test_images/BT474_Phase_D3_2_04d00h00m_2.tif,109.26482706840034,201,29.566732974013814,91.73517293159966,0.009950248756218905,0.009950248756218905,0.009950248756218905
livecell/images/livecell_test_images/BT474_Phase_D3_1_03d12h00m_3.tif,128.2535102477559,171,14.284373712727284,42.74648975224409,0.005847953216374269,0.005847953216374269,0.005847953216374268
livecell/images/livecell_test_images/BT474_Phase_D3_1_03d04h00m_1.tif,69.98025495366164,188,45.747588344517695,118.01974504633836,0.0,0.0,0.0
livecell/images/livecell_test_images/BT474_Phase_D3_2_00d16h00m_4.tif,88.21146376059187,126,17.64076281260164,37.78853623940813,0.047619047619047616,0.047619047619047616,0.047619047619047616
livecell/images/livecell_test_images/BT474_Phase_D3_1_02d00h00m_4.tif,119.30277524310804,219,29.469821725597267,99.69722475689196,0.0228310502283105,0.0228310502283105,0.0228310502283105
livecell/images/livecell_test_images/BT474_Phase_D3_2_02d12h00m_1.tif,110.27022416125692,145,13.605102574283755,34.72977583874308,0.013793103448275862,0.013793103448275862,0.013793103448275862
livecell/images/livecell_test_images/BT474_Phase_D3_2_03d00h00m_2.tif,101.65268521876715,185,29.076062803187757,83.34731478123285,0.010810810810810811,0.010810810810810811,0.010810810810810811
livecell/images/livecell_test_images/BT474_Phase_D3_2_01d16h00m_2.tif,67.60684724559906,142,35.49175694018885,74.39315275440094,0.007042253521126761,0.007042253521126761,0.007042253521126761
livecell/images/livecell_test_images/BT474_Phase_D3_2_01d00h00m_3.tif,94.18359865727689,138,18.871445526778967,43.81640134272311,0.014492753623188406,0.014492753623188406,0.014492753623188406
livecell/images/livecell_test_images/BT474_Phase_D3_1_01d16h00m_1.tif,56.237957526700484,154,46.500662213141794,97.76204247329952,0.006493506493506494,0.006493506493506494,0.006493506493506494
livecell/images/livecell_test_images/BT474_Phase_D3_1_00d00h00m_1.tif,90.29024496541388,121,14.53439321801771,30.709755034586124,0.05785123966942149,0.05785123966942149,0.05785123966942149
livecell/images/livecell_test_images/BT474_Phase_D3_1_01d12h00m_1.tif,54.63068051454684,180,53.43261981362254,125.36931948545316,0.011111111111111112,0.011111111111111112,0.011111111111111112
livecell/images/livecell_test_images/BT474_Phase_D3_1_05d00h00m_4.tif,170.77172153994616,409,41.09001346724703,238.22827846005384,0.0024449877750611247,0.0024449877750611247,0.0024449877750611247
livecell/images/livecell_test_images/BT474_Phase_D3_1_03d04h00m_4.tif,141.00130447502306,229,23.783347372202922,87.99869552497694,0.004366812227074236,0.004366812227074236,0.004366812227074236
livecell/images/livecell_test_images/BT474_Phase_D3_1_03d04h00m_3.tif,132.22579311319714,244,29.70934181888288,111.77420688680286,0.00819672131147541,0.00819672131147541,0.00819672131147541
livecell/images/livecell_test_images/BT474_Phase_D3_1_00d04h00m_1.tif,56.61741863251518,115,34.019030138484716,58.38258136748482,0.043478260869565216,0.043478260869565216,0.043478260869565216
livecell/images/livecell_test_images/BT474_Phase_D3_2_03d12h00m_2.tif,75.81889030095044,148,32.24978445831525,72.18110969904956,0.0,0.0,0.0
livecell/images/livecell_test_images/BT474_Phase_D3_2_05d00h00m_3.tif,146.51383378486207,251,26.284913211771833,104.48616621513793,0.0,0.0,0.0
livecell/images/livecell_test_images/BT474_Phase_D3_1_02d00h00m_1.tif,73.33364359546249,148,33.73475229143529,74.66635640453751,0.0,0.0,0.0
livecell/images/livecell_test_images/BT474_Phase_D3_1_02d04h00m_2.tif,113.40499785802967,226,33.174232215952195,112.59500214197033,0.004424778761061947,0.004424778761061947,0.004424778761061947
livecell/images/livecell_test_images/BT474_Phase_D3_2_03d16h00m_1.tif,127.46855325480283,246,31.737999280578745,118.53144674519717,0.0040650406504065045,0.0040650406504065045,0.0040650406504065045
livecell/images/livecell_test_images/BT474_Phase_D3_2_04d00h00m_3.tif,179.60362843246548,274,20.810321093273323,94.39637156753452,0.0036496350364963502,0.0036496350364963502,0.0036496350364963502
livecell/images/livecell_test_images/BT474_Phase_D3_2_03d00h00m_1.tif,133.83013057302742,226,25.614828107972116,92.16986942697258,0.004424778761061947,0.004424778761061947,0.004424778761061947
livecell/images/livecell_test_images/BT474_Phase_D3_2_00d04h00m_4.tif,90.77643814491603,109,9.121977558667234,18.22356185508397,0.05504587155963303,0.05504587155963303,0.05504587155963303
livecell/images/livecell_test_images/BT474_Phase_D3_1_01d00h00m_1.tif,64.94094530657821,164,43.2683872082254,99.05905469342179,0.012195121951219513,0.012195121951219513,0.012195121951219513
livecell/images/livecell_test_images/BT474_Phase_D3_1_03d16h00m_4.tif,135.79374275025475,192,17.146836537562788,56.20625724974525,0.005208333333333333,0.005208333333333333,0.005208333333333333
livecell/images/livecell_test_images/BT474_Phase_D3_1_00d16h00m_1.tif,56.52274311074507,162,48.268319987087175,105.47725688925493,0.006172839506172839,0.006172839506172839,0.006172839506172839
livecell/images/livecell_test_images/BT474_Phase_D3_2_03d04h00m_3.tif,126.4644285054892,212,25.27165760732921,85.5355714945108,0.0,0.0,0.0
livecell/images/livecell_test_images/BT474_Phase_D3_1_04d04h00m_2.tif,168.49447229198995,305,28.82938148089534,136.50552770801005,0.013114754098360656,0.013114754098360656,0.013114754098360656
livecell/images/livecell_test_images/BT474_Phase_D3_1_00d16h00m_4.tif,93.16976899790461,170,29.19417047582966,76.83023100209539,0.023529411764705882,0.023529411764705882,0.02352941176470588
livecell/images/livecell_test_images/BT474_Phase_D3_2_02d04h00m_2.tif,79.28115645089565,162,34.28317601169111,82.71884354910435,0.012345679012345678,0.012345679012345678,0.012345679012345678
livecell/images/livecell_test_images/BT474_Phase_D3_2_02d00h00m_4.tif,112.96338935122913,207,29.389803264505783,94.03661064877087,0.00966183574879227,0.00966183574879227,0.00966183574879227
livecell/images/livecell_test_images/BT474_Phase_D3_2_01d04h00m_1.tif,89.17347832602536,161,28.710685942644375,71.82652167397464,0.024844720496894408,0.024844720496894408,0.024844720496894408
livecell/images/livecell_test_images/BT474_Phase_D3_2_02d04h00m_1.tif,106.77627226970071,226,35.82699178554222,119.22372773029929,0.004424778761061947,0.004424778761061947,0.004424778761061947
livecell/images/livecell_test_images/BT474_Phase_D3_1_01d00h00m_3.tif,114.89479807464522,136,8.411972702230216,21.105201925354777,0.029411764705882353,0.029411764705882353,0.029411764705882353
livecell/images/livecell_test_images/BT474_Phase_D3_1_03d00h00m_4.tif,142.28602046208107,235,24.573923895819803,92.71397953791893,0.01276595744680851,0.01276595744680851,0.012765957446808508
livecell/images/livecell_test_images/BT474_Phase_D3_1_02d16h00m_4.tif,134.50944795278338,197,18.85030801780259,62.490552047216624,0.01015228426395939,0.01015228426395939,0.01015228426395939
livecell/images/livecell_test_images/BT474_Phase_D3_2_00d04h00m_2.tif,71.05320471386585,102,17.882821261416687,30.946795286134147,0.058823529411764705,0.058823529411764705,0.058823529411764705
livecell/images/livecell_test_images/BT474_Phase_D3_2_02d16h00m_1.tif,108.24798765844025,190,27.410750692200423,81.75201234155975,0.005263157894736842,0.005263157894736842,0.005263157894736842
livecell/images/livecell_test_images/BT474_Phase_D3_1_05d00h00m_1.tif,87.76306357170688,256,48.93979436892001,168.23693642829312,0.00390625,0.00390625,0.00390625
livecell/images/livecell_test_images/BT474_Phase_D3_1_00d12h00m_3.tif,93.51360009712516,164,27.371913513029924,70.48639990287484,0.018292682926829267,0.018292682926829267,0.018292682926829267
livecell/images/livecell_test_images/BT474_Phase_D3_1_01d04h00m_1.tif,61.717541913560126,124,33.536120198827774,62.282458086439874,0.0,0.0,0.0
livecell/images/livecell_test_images/BT474_Phase_D3_2_04d04h00m_4.tif,129.03979223295028,233,28.715132976365688,103.96020776704972,0.004291845493562232,0.004291845493562232,0.004291845493562232
livecell/images/livecell_test_images/BT474_Phase_D3_1_04d16h00m_3.tif,135.36881510604144,203,19.987416651491248,67.63118489395856,0.009852216748768473,0.009852216748768473,0.009852216748768473
livecell/images/livecell_test_images/BT474_Phase_D3_2_04d12h00m_2.tif,93.92538311632234,149,22.671412998165675,55.07461688367766,0.006711409395973154,0.006711409395973154,0.006711409395973154
livecell/images/livecell_test_images/BT474_Phase_D3_2_00d16h00m_1.tif,88.387196340831,142,23.270739221052505,53.612803659169,0.04225352112676056,0.04225352112676056,0.04225352112676056
livecell/images/livecell_test_images/BT474_Phase_D3_2_03d00h00m_3.tif,136.05187054337875,233,26.269513094156196,96.94812945662125,0.008583690987124463,0.008583690987124463,0.008583690987124463
livecell/images/livecell_test_images/BT474_Phase_D3_1_00d04h00m_3.tif,90.8448463536115,152,25.182808927037797,61.1551536463885,0.019736842105263157,0.019736842105263157,0.019736842105263157
livecell/images/livecell_test_images/BT474_Phase_D3_1_04d12h00m_3.tif,143.2607935620763,398,47.064041857062406,254.7392064379237,0.01256281407035176,0.01256281407035176,0.01256281407035176
livecell/images/livecell_test_images/BT474_Phase_D3_1_00d12h00m_1.tif,66.13983075318538,129,32.21288498826297,62.86016924681462,0.0,0.0,0.0
livecell/images/livecell_test_images/BT474_Phase_D3_2_02d04h00m_3.tif,106.15865916438634,192,28.790490632132215,85.84134083561366,0.0,0.0,0.0
livecell/images/livecell_test_images/BT474_Phase_D3_1_03d16h00m_2.tif,145.73488751830155,280,31.53725861283253,134.26511248169845,0.0035714285714285713,0.0035714285714285713,0.0035714285714285713
livecell/images/livecell_test_images/BT474_Phase_D3_1_00d12h00m_2.tif,93.10800329998165,180,31.81598329235934,86.89199670001835,0.022222222222222223,0.022222222222222223,0.022222222222222223
livecell/images/livecell_test_images/BT474_Phase_D3_2_04d12h00m_1.tif,122.04450885728875,212,26.929193193575962,89.95549114271125,0.0,0.0,0.0
livecell/images/livecell_test_images/BT474_Phase_D3_2_02d12h00m_3.tif,106.71758652063,143,14.529378561158165,36.28241347937001,0.006993006993006993,0.006993006993006993,0.006993006993006993
livecell/images/livecell_test_images/BT474_Phase_D3_2_03d12h00m_4.tif,117.69361165259761,207,27.50481843263205,89.30638834740239,0.01932367149758454,0.01932367149758454,0.01932367149758454
livecell/images/livecell_test_images/BT474_Phase_D3_2_03d04h00m_1.tif,103.37464864544745,191,29.766609236820123,87.62535135455255,0.0,0.0,0.0
livecell/images/livecell_test_images/BT474_Phase_D3_1_04d12h00m_1.tif,89.91166572529619,299,53.76242285886874,209.0883342747038,0.0033444816053511705,0.0033444816053511705,0.0033444816053511705
livecell/images/livecell_test_images/BT474_Phase_D3_2_03d00h00m_4.tif,120.1779194562987,205,26.084821714071122,84.8220805437013,0.00975609756097561,0.00975609756097561,0.00975609756097561
livecell/images/livecell_test_images/BT474_Phase_D3_1_04d00h00m_2.tif,180.41292667361267,227,11.43485399610534,46.587073326387326,0.004405286343612335,0.004405286343612335,0.004405286343612335
livecell/images/livecell_test_images/BT474_Phase_D3_1_03d04h00m_2.tif,136.4726564899902,303,37.89253803411607,166.5273435100098,0.0033003300330033004,0.0033003300330033004,0.0033003300330033004
livecell/images/livecell_test_images/BT474_Phase_D3_2_02d16h00m_3.tif,107.23858048972761,145,14.970516975221487,37.76141951027239,0.041379310344827586,0.041379310344827586,0.041379310344827586
livecell/images/livecell_test_images/A172_Phase_C7_1_02d04h00m_1.tif,149.16659109886677,317,36.0028822540692,167.83340890113323,0.0031545741324921135,0.0031545741324921135,0.0031545741324921135
livecell/images/livecell_test_images/A172_Phase_C7_1_00d12h00m_2.tif,67.5580287400735,79,7.807126882294041,11.441971259926504,0.012658227848101266,0.012658227848101266,0.012658227848101266
livecell/images/livecell_test_images/A172_Phase_C7_2_00d08h00m_4.tif,68.65336735924211,60,6.726110273568736,8.653367359242111,0.08333333333333333,0.08333333333333333,0.08333333333333333
livecell/images/livecell_test_images/A172_Phase_C7_1_00d16h00m_1.tif,44.18085718541988,70,22.612496920260508,25.81914281458012,0.0,0.0,0.0
livecell/images/livecell_test_images/A172_Phase_C7_1_02d20h00m_1.tif,190.4590880452597,448,40.3378880146011,257.5409119547403,0.0,0.0,0.0
livecell/images/livecell_test_images/A172_Phase_C7_2_03d00h00m_1.tif,244.00537648249883,389,22.905749130159236,144.99462351750117,0.002570694087403599,0.002570694087403599,0.002570694087403599
livecell/images/livecell_test_images/A172_Phase_C7_1_02d16h00m_1.tif,164.58774583075137,343,35.14904676771648,178.41225416924863,0.0029154518950437317,0.0029154518950437317,0.0029154518950437317
livecell/images/livecell_test_images/A172_Phase_C7_1_00d04h00m_2.tif,63.56067193205308,93,18.80378239608189,29.439328067946917,0.021505376344086023,0.021505376344086023,0.021505376344086023
livecell/images/livecell_test_images/A172_Phase_C7_2_02d12h00m_3.tif,205.19609049192513,382,30.109858081643036,176.80390950807487,0.005235602094240838,0.005235602094240838,0.005235602094240838
livecell/images/livecell_test_images/A172_Phase_C7_2_02d20h00m_3.tif,224.67563503536803,336,19.85539552786336,111.32436496463197,0.002976190476190476,0.002976190476190476,0.002976190476190476
livecell/images/livecell_test_images/A172_Phase_C7_1_02d08h00m_1.tif,161.37492921348894,345,36.26267024548805,183.62507078651106,0.005797101449275362,0.005797101449275362,0.005797101449275362
livecell/images/livecell_test_images/A172_Phase_C7_1_01d00h00m_1.tif,88.2701846087948,115,13.149894778050339,26.729815391205193,0.0,0.0,0.0
livecell/images/livecell_test_images/A172_Phase_C7_2_01d00h00m_2.tif,112.7879463388308,127,5.92692580180279,14.212053661169193,0.0,0.0,0.0
livecell/images/livecell_test_images/A172_Phase_C7_2_00d20h00m_3.tif,96.53675855344045,104,3.7216326325383844,7.46324144655955,0.038461538461538464,0.038461538461538464,0.038461538461538464
livecell/images/livecell_test_images/A172_Phase_C7_2_00d16h00m_4.tif,62.98229526916839,83,13.712419505339405,20.01770473083161,0.0,0.0,0.0
livecell/images/livecell_test_images/A172_Phase_C7_1_02d12h00m_2.tif,222.81141482580279,378,25.829833013274566,155.18858517419721,0.0,0.0,0.0
livecell/images/livecell_test_images/A172_Phase_C7_2_02d08h00m_2.tif,196.34315921920643,349,27.992803833710795,152.65684078079357,0.0028653295128939827,0.0028653295128939827,0.002865329512893983
livecell/images/livecell_test_images/A172_Phase_C7_1_01d08h00m_4.tif,148.24297498408123,148,0.08201881718690059,0.2429749840812292,0.006756756756756757,0.006756756756756757,0.006756756756756757
livecell/images/livecell_test_images/A172_Phase_C7_2_02d20h00m_4.tif,196.4618469348061,298,20.535083484121987,101.53815306519391,0.006711409395973154,0.006711409395973154,0.006711409395973154
livecell/images/livecell_test_images/A172_Phase_C7_2_00d20h00m_2.tif,80.24465395466541,124,21.423006770618645,43.75534604533459,0.008064516129032258,0.008064516129032258,0.008064516129032258
livecell/images/livecell_test_images/A172_Phase_C7_1_01d16h00m_2.tif,158.07297834995552,257,23.8336453611869,98.92702165004448,0.0038910505836575876,0.0038910505836575876,0.0038910505836575876
livecell/images/livecell_test_images/A172_Phase_C7_2_02d12h00m_4.tif,168.24967339432624,319,30.939030816686262,150.75032660567376,0.003134796238244514,0.003134796238244514,0.003134796238244514
livecell/images/livecell_test_images/A172_Phase_C7_1_00d16h00m_2.tif,58.115704064344754,72,10.670730359180311,13.884295935655246,0.0,0.0,0.0
livecell/images/livecell_test_images/A172_Phase_C7_1_01d04h00m_3.tif,108.50050836519222,128,8.245010452450126,19.499491634807782,0.0078125,0.0078125,0.0078125
livecell/images/livecell_test_images/A172_Phase_C7_2_00d20h00m_1.tif,74.20084662998852,104,16.72222884096934,29.79915337001148,0.009615384615384616,0.009615384615384616,0.009615384615384616
livecell/images/livecell_test_images/A172_Phase_C7_2_01d20h00m_1.tif,166.28963255380222,254,20.869029510255594,87.71036744619778,0.003937007874015748,0.003937007874015748,0.003937007874015748
livecell/images/livecell_test_images/A172_Phase_C7_2_02d16h00m_2.tif,213.85853877408954,436,34.18304876703844,222.14146122591046,0.006880733944954129,0.006880733944954129,0.006880733944954129
livecell/images/livecell_test_images/A172_Phase_C7_2_02d08h00m_3.tif,184.08880614224472,325,27.679098844373968,140.91119385775528,0.003076923076923077,0.003076923076923077,0.0030769230769230765
livecell/images/livecell_test_images/A172_Phase_C7_2_01d00h00m_3.tif,113.00468348028517,121,3.416733546014021,7.995316519714834,0.01652892561983471,0.01652892561983471,0.01652892561983471
livecell/images/livecell_test_images/A172_Phase_C7_2_02d20h00m_1.tif,235.40522916002374,520,37.67445072579557,284.59477083997626,0.0019230769230769232,0.0019230769230769232,0.0019230769230769232
livecell/images/livecell_test_images/A172_Phase_C7_1_02d00h00m_2.tif,177.34138406353304,391,37.593358838106845,213.65861593646696,0.005115089514066497,0.005115089514066497,0.005115089514066497
livecell/images/livecell_test_images/A172_Phase_C7_1_02d00h00m_4.tif,196.11480426498747,265,14.938838462324988,68.88519573501253,0.007547169811320755,0.007547169811320755,0.007547169811320755
livecell/images/livecell_test_images/A172_Phase_C7_1_02d16h00m_2.tif,234.07430516539898,419,28.31617985456744,184.92569483460102,0.002386634844868735,0.002386634844868735,0.002386634844868735
livecell/images/livecell_test_images/A172_Phase_C7_1_00d16h00m_4.tif,97.7470205062782,86,6.393039992654921,11.747020506278204,0.011627906976744186,0.011627906976744186,0.011627906976744184
livecell/images/livecell_test_images/A172_Phase_C7_1_03d00h00m_2.tif,251.3187896178133,391,21.74639955111675,139.6812103821867,0.0025575447570332483,0.0025575447570332483,0.0025575447570332483
livecell/images/livecell_test_images/A172_Phase_C7_1_01d08h00m_1.tif,88.23418167392083,134,20.593509954841384,45.76581832607917,0.007462686567164179,0.007462686567164179,0.007462686567164179
livecell/images/livecell_test_images/A172_Phase_C7_1_03d00h00m_1.tif,182.00730475467572,430,40.5211985737217,247.99269524532428,0.0,0.0,0.0
livecell/images/livecell_test_images/A172_Phase_C7_2_01d04h00m_2.tif,125.88487163428363,163,12.847723093199079,37.11512836571637,0.012269938650306749,0.012269938650306749,0.01226993865030675
livecell/images/livecell_test_images/A172_Phase_C7_1_01d00h00m_3.tif,104.2895601754426,127,9.819050979789402,22.710439824557398,0.007874015748031496,0.007874015748031496,0.007874015748031496
livecell/images/livecell_test_images/A172_Phase_C7_2_00d16h00m_1.tif,63.87304543402206,99,21.567076659229937,35.12695456597794,0.020202020202020204,0.020202020202020204,0.020202020202020204
livecell/images/livecell_test_images/A172_Phase_C7_2_01d20h00m_4.tif,146.63278474395338,183,11.032645094539166,36.36721525604662,0.01092896174863388,0.01092896174863388,0.01092896174863388
livecell/images/livecell_test_images/A172_Phase_C7_1_01d00h00m_4.tif,129.60151874498843,117,5.1100734533673755,12.601518744988425,0.02564102564102564,0.02564102564102564,0.02564102564102564
livecell/images/livecell_test_images/A172_Phase_C7_2_00d16h00m_3.tif,94.17915861705114,98,1.988166360204811,3.8208413829488563,0.02040816326530612,0.02040816326530612,0.02040816326530612
livecell/images/livecell_test_images/A172_Phase_C7_1_00d12h00m_4.tif,101.43696595214715,85,8.816366361790092,16.436965952147148,0.047058823529411764,0.047058823529411764,0.04705882352941176
livecell/images/livecell_test_images/A172_Phase_C7_2_00d08h00m_2.tif,79.22257599922159,89,5.812194910642465,9.77742400077841,0.02247191011235955,0.02247191011235955,0.02247191011235955
livecell/images/livecell_test_images/A172_Phase_C7_2_00d00h00m_1.tif,57.46459761211008,90,22.063195448083633,32.53540238788992,0.08888888888888889,0.08888888888888889,0.08888888888888889
livecell/images/livecell_test_images/A172_Phase_C7_2_01d16h00m_1.tif,143.1628582084013,238,24.881002896600794,94.8371417915987,0.0,0.0,0.0
livecell/images/livecell_test_images/A172_Phase_C7_2_00d00h00m_4.tif,52.68577178740088,61,7.313341046887747,8.314228212599119,0.06557377049180328,0.06557377049180328,0.06557377049180328
livecell/images/livecell_test_images/A172_Phase_C7_1_01d20h00m_3.tif,167.64451170616667,270,23.387814894512953,102.35548829383333,0.003703703703703704,0.003703703703703704,0.003703703703703704
livecell/images/livecell_test_images/A172_Phase_C7_1_01d04h00m_2.tif,112.6236911748274,129,6.7776089114223,16.3763088251726,0.0,0.0,0.0
livecell/images/livecell_test_images/A172_Phase_C7_1_01d00h00m_2.tif,106.02157072872069,150,17.177626535960385,43.97842927127931,0.02,0.02,0.02
livecell/images/livecell_test_images/A172_Phase_C7_1_02d04h00m_4.tif,214.14596556783363,310,18.287660447471517,95.85403443216637,0.00967741935483871,0.00967741935483871,0.00967741935483871
livecell/images/livecell_test_images/A172_Phase_C7_2_01d08h00m_3.tif,146.62183381470095,164,5.59463768914128,17.37816618529905,0.012195121951219513,0.012195121951219513,0.012195121951219513
livecell/images/livecell_test_images/A172_Phase_C7_1_02d20h00m_3.tif,222.79858609297662,384,26.565884891881293,161.20141390702338,0.0,0.0,0.0
livecell/images/livecell_test_images/A172_Phase_C7_1_00d12h00m_3.tif,70.16774574319425,68,1.568923145944156,2.1677457431942457,0.029411764705882353,0.029411764705882353,0.029411764705882353
livecell/images/livecell_test_images/A172_Phase_C7_2_01d16h00m_3.tif,152.654304119671,213,16.5034829893809,60.345695880329004,0.009389671361502348,0.009389671361502348,0.009389671361502348
livecell/images/livecell_test_images/A172_Phase_C7_1_00d08h00m_4.tif,85.70056836423464,70,10.083822126779825,15.700568364234641,0.05714285714285714,0.05714285714285714,0.05714285714285714
livecell/images/livecell_test_images/A172_Phase_C7_2_01d12h00m_4.tif,117.17715424633934,144,10.26998162647934,26.82284575366066,0.013888888888888888,0.013888888888888888,0.013888888888888888
livecell/images/livecell_test_images/A172_Phase_C7_2_00d04h00m_2.tif,76.89936443762417,82,3.2099785801082166,5.100635562375828,0.07317073170731707,0.07317073170731707,0.07317073170731707
livecell/images/livecell_test_images/A172_Phase_C7_1_01d20h00m_4.tif,178.9025759150827,299,25.130106037816606,120.0974240849173,0.0033444816053511705,0.0033444816053511705,0.0033444816053511705
livecell/images/livecell_test_images/A172_Phase_C7_2_00d08h00m_3.tif,87.53626175408863,81,3.8782524817274586,6.536261754088628,0.037037037037037035,0.037037037037037035,0.037037037037037035
livecell/images/livecell_test_images/A172_Phase_C7_1_00d08h00m_2.tif,68.38853124447269,61,5.710344783582444,7.388531244472688,0.01639344262295082,0.01639344262295082,0.01639344262295082
livecell/images/livecell_test_images/A172_Phase_C7_1_00d12h00m_1.tif,44.51253521010949,64,17.95872223624444,19.48746478989051,0.015625,0.015625,0.015625
livecell/images/livecell_test_images/A172_Phase_C7_1_00d00h00m_3.tif,59.966941982380376,161,45.72315528794161,101.03305801761962,0.031055900621118012,0.031055900621118012,0.031055900621118012
livecell/images/livecell_test_images/A172_Phase_C7_2_02d12h00m_1.tif,207.38195914914832,432,35.13049400858292,224.61804085085168,0.0023148148148148147,0.0023148148148148147,0.0023148148148148147
livecell/images/livecell_test_images/A172_Phase_C7_2_02d12h00m_2.tif,212.60632458346663,405,31.151506673169155,192.39367541653337,0.0,0.0,0.0
livecell/images/livecell_test_images/A172_Phase_C7_1_00d20h00m_3.tif,73.50941127483384,101,15.753069432955336,27.490588725166162,0.009900990099009901,0.009900990099009901,0.009900990099009901
livecell/images/livecell_test_images/A172_Phase_C7_1_02d16h00m_4.tif,233.1506013027829,397,26.001625382642242,163.8493986972171,0.0,0.0,0.0
livecell/images/livecell_test_images/A172_Phase_C7_2_02d08h00m_4.tif,150.21479158346483,226,20.144133115436507,75.78520841653517,0.008849557522123894,0.008849557522123894,0.008849557522123894
livecell/images/livecell_test_images/A172_Phase_C7_2_01d04h00m_4.tif,112.14686068884475,124,5.019393133823342,11.853139311155246,0.03225806451612903,0.03225806451612903,0.03225806451612903
livecell/images/livecell_test_images/A172_Phase_C7_1_02d08h00m_4.tif,204.16415845511074,340,24.962291145842645,135.83584154488926,0.0029411764705882353,0.0029411764705882353,0.002941176470588235
livecell/images/livecell_test_images/A172_Phase_C7_1_00d20h00m_1.tif,49.80109256986543,116,39.92670156997886,66.19890743013457,0.008620689655172414,0.008620689655172414,0.008620689655172414
livecell/images/livecell_test_images/A172_Phase_C7_2_00d12h00m_1.tif,60.708560321825644,93,21.008224662676238,32.291439678174356,0.010752688172043012,0.010752688172043012,0.010752688172043012
livecell/images/livecell_test_images/A172_Phase_C7_2_01d12h00m_3.tif,163.60493502947793,194,8.49962122810653,30.39506497052207,0.005154639175257732,0.005154639175257732,0.005154639175257732
livecell/images/livecell_test_images/A172_Phase_C7_2_02d08h00m_1.tif,192.87066167221928,356,29.72090689467387,163.12933832778072,0.0,0.0,0.0
livecell/images/livecell_test_images/A172_Phase_C7_2_02d04h00m_3.tif,212.1274495730322,320,20.27193870820279,107.87255042696779,0.0,0.0,0.0
livecell/images/livecell_test_images/A172_Phase_C7_1_00d00h00m_2.tif,60.56032352428883,146,41.36306286607096,85.43967647571117,0.03424657534246575,0.03424657534246575,0.03424657534246575
livecell/images/livecell_test_images/A172_Phase_C7_2_02d00h00m_3.tif,201.8601812179695,276,15.514960588066367,74.13981878203049,0.0,0.0,0.0
livecell/images/livecell_test_images/A172_Phase_C7_1_00d20h00m_2.tif,66.53373953929986,103,21.509736386276575,36.46626046070014,0.009708737864077669,0.009708737864077669,0.009708737864077669
livecell/images/livecell_test_images/A172_Phase_C7_1_02d12h00m_1.tif,162.19275654376543,370,39.04736411780632,207.80724345623457,0.0,0.0,0.0
livecell/images/livecell_test_images/A172_Phase_C7_2_03d00h00m_2.tif,227.7626914618886,384,25.538874913205557,156.2373085381114,0.0026041666666666665,0.0026041666666666665,0.0026041666666666665
livecell/images/livecell_test_images/A172_Phase_C7_2_00d12h00m_3.tif,84.68456255866477,92,4.140394234446081,7.315437441335234,0.021739130434782608,0.021739130434782608,0.021739130434782608
livecell/images/livecell_test_images/A172_Phase_C7_2_01d20h00m_3.tif,175.5982909592567,221,11.447782321736605,45.4017090407433,0.0,0.0,0.0
livecell/images/livecell_test_images/A172_Phase_C7_1_00d00h00m_1.tif,47.322067185563355,146,51.04328453084407,98.67793281443664,0.0273972602739726,0.0273972602739726,0.0273972602739726
livecell/images/livecell_test_images/A172_Phase_C7_2_01d08h00m_2.tif,125.1958932183843,185,19.27946439300935,59.8041067816157,0.010810810810810811,0.010810810810810811,0.010810810810810811
livecell/images/livecell_test_images/A172_Phase_C7_1_01d16h00m_4.tif,173.58623320478364,256,19.18445248591794,82.41376679521636,0.0,0.0,0.0
livecell/images/livecell_test_images/A172_Phase_C7_1_01d08h00m_2.tif,125.80280108837178,178,17.181276382124214,52.19719891162822,0.0056179775280898875,0.0056179775280898875,0.0056179775280898875
livecell/images/livecell_test_images/A172_Phase_C7_1_01d16h00m_1.tif,129.149047056766,220,26.020679050704416,90.850952943234,0.00909090909090909,0.00909090909090909,0.00909090909090909
livecell/images/livecell_test_images/A172_Phase_C7_2_03d00h00m_3.tif,251.95806766249007,366,18.454639287887115,114.04193233750993,0.0,0.0,0.0
livecell/images/livecell_test_images/A172_Phase_C7_1_01d08h00m_3.tif,123.27733955214353,166,14.7687546193557,42.72266044785647,0.006024096385542169,0.006024096385542169,0.006024096385542169
livecell/images/livecell_test_images/A172_Phase_C7_2_00d04h00m_1.tif,78.76125055489683,82,2.0146331494212886,3.238749445103167,0.13414634146341464,0.13414634146341464,0.13414634146341464
livecell/images/livecell_test_images/A172_Phase_C7_1_03d00h00m_4.tif,263.72701729042456,425,23.416096459240446,161.27298270957544,0.007058823529411765,0.007058823529411765,0.007058823529411765
livecell/images/livecell_test_images/A172_Phase_C7_2_01d16h00m_4.tif,134.44949863495276,134,0.16744253099314038,0.44949863495276077,0.014925373134328358,0.014925373134328358,0.014925373134328358
livecell/images/livecell_test_images/A172_Phase_C7_1_00d04h00m_3.tif,61.31915798808768,87,17.314581851910788,25.68084201191232,0.06896551724137931,0.06896551724137931,0.06896551724137931
livecell/images/livecell_test_images/A172_Phase_C7_2_01d00h00m_1.tif,112.35958775444306,133,8.412311267091775,20.640412245556945,0.007518796992481203,0.007518796992481203,0.007518796992481203
livecell/images/livecell_test_images/A172_Phase_C7_1_01d12h00m_3.tif,155.87024455970095,163,2.2359425383650593,7.12975544029905,0.024539877300613498,0.024539877300613498,0.0245398773006135
livecell/images/livecell_test_images/A172_Phase_C7_1_02d00h00m_1.tif,153.7997642996488,361,40.24870446128379,207.2002357003512,0.002770083102493075,0.002770083102493075,0.002770083102493075
livecell/images/livecell_test_images/A172_Phase_C7_1_00d04h00m_1.tif,37.15523499734627,80,36.570935138855916,42.84476500265373,0.0,0.0,0.0
livecell/images/livecell_test_images/A172_Phase_C7_2_01d04h00m_1.tif,119.17299620172707,164,15.830253731658445,44.827003798272926,0.0,0.0,0.0
livecell/images/livecell_test_images/A172_Phase_C7_2_02d00h00m_4.tif,146.0811492324283,192,13.582197904800319,45.91885076757171,0.005208333333333333,0.005208333333333333,0.005208333333333333
livecell/images/livecell_test_images/A172_Phase_C7_2_01d08h00m_4.tif,112.79720373495365,135,8.960067317303015,22.202796265046345,0.02962962962962963,0.02962962962962963,0.02962962962962963
livecell/images/livecell_test_images/A172_Phase_C7_1_00d00h00m_4.tif,87.12333801309433,83,2.4237344865505484,4.123338013094326,0.2289156626506024,0.2289156626506024,0.2289156626506024
livecell/images/livecell_test_images/A172_Phase_C7_2_01d16h00m_2.tif,151.2393879016454,245,23.662617841926377,93.76061209835461,0.004081632653061225,0.004081632653061225,0.004081632653061225
livecell/images/livecell_test_images/A172_Phase_C7_2_00d20h00m_4.tif,74.37547358756274,81,4.263559916812722,6.6245264124372625,0.012345679012345678,0.012345679012345678,0.012345679012345678
livecell/images/livecell_test_images/A172_Phase_C7_2_01d12h00m_2.tif,139.29323152991856,213,20.921993916826608,73.70676847008144,0.004694835680751174,0.004694835680751174,0.004694835680751174
livecell/images/livecell_test_images/A172_Phase_C7_2_02d16h00m_3.tif,224.95369036080956,427,30.990898989677063,202.04630963919044,0.00702576112412178,0.00702576112412178,0.00702576112412178
livecell/images/livecell_test_images/A172_Phase_C7_2_01d20h00m_2.tif,165.79703378267004,222,14.49288192565891,56.20296621732996,0.009009009009009009,0.009009009009009009,0.009009009009009009
livecell/images/livecell_test_images/A172_Phase_C7_2_02d04h00m_2.tif,180.17449826844677,335,30.053021306748935,154.82550173155323,0.0,0.0,0.0
livecell/images/livecell_test_images/A172_Phase_C7_2_00d00h00m_2.tif,74.45857955787505,104,16.55365660497399,29.541420442124945,0.07692307692307693,0.07692307692307693,0.07692307692307693
livecell/images/livecell_test_images/A172_Phase_C7_2_00d04h00m_3.tif,84.92681676924258,97,6.636285647800425,12.073183230757422,0.041237113402061855,0.041237113402061855,0.041237113402061855
livecell/images/livecell_test_images/A172_Phase_C7_1_02d08h00m_3.tif,181.52756981550192,315,26.881172023155397,133.47243018449808,0.0031746031746031746,0.0031746031746031746,0.0031746031746031746
livecell/images/livecell_test_images/A172_Phase_C7_2_00d00h00m_3.tif,59.11056703014401,99,25.228821652540788,39.88943296985599,0.09090909090909091,0.09090909090909091,0.09090909090909091
livecell/images/livecell_test_images/A172_Phase_C7_2_02d04h00m_4.tif,138.9860000508197,208,19.889563250123196,69.01399994918029,0.0,0.0,0.0
livecell/images/livecell_test_images/A172_Phase_C7_1_01d12h00m_2.tif,126.04018529435416,195,21.480119269934452,68.95981470564584,0.0,0.0,0.0
livecell/images/livecell_test_images/A172_Phase_C7_1_00d16h00m_3.tif,71.88868690764866,74,1.4472082360216556,2.111313092351338,0.02702702702702703,0.02702702702702703,0.02702702702702703
livecell/images/livecell_test_images/A172_Phase_C7_1_01d16h00m_3.tif,144.11372879935516,232,23.36694049462082,87.88627120064484,0.017241379310344827,0.017241379310344827,0.017241379310344827
livecell/images/livecell_test_images/A172_Phase_C7_2_00d08h00m_1.tif,71.26179885664533,87,9.944409362875021,15.738201143354672,0.011494252873563218,0.011494252873563218,0.011494252873563218
livecell/images/livecell_test_images/A172_Phase_C7_2_02d16h00m_1.tif,233.72233106750355,447,31.331081587706404,213.27766893249645,0.0022371364653243847,0.0022371364653243847,0.0022371364653243847
livecell/images/livecell_test_images/A172_Phase_C7_1_02d20h00m_4.tif,242.1916639241972,424,27.290695143926314,181.8083360758028,0.007075471698113208,0.007075471698113208,0.007075471698113208
livecell/images/livecell_test_images/A172_Phase_C7_1_01d12h00m_4.tif,151.49810360523406,186,10.222841558577239,34.501896394765936,0.005376344086021506,0.005376344086021506,0.005376344086021506
livecell/images/livecell_test_images/A172_Phase_C7_2_02d16h00m_4.tif,173.05718398484169,325,30.507102577960744,151.94281601515831,0.003076923076923077,0.003076923076923077,0.0030769230769230765
livecell/images/livecell_test_images/A172_Phase_C7_2_03d00h00m_4.tif,217.22928393677284,344,22.58804372679686,126.77071606322716,0.0029069767441860465,0.0029069767441860465,0.002906976744186046
livecell/images/livecell_test_images/A172_Phase_C7_1_02d12h00m_3.tif,175.80281360269873,333,30.89550257873564,157.19718639730127,0.009009009009009009,0.009009009009009009,0.009009009009009009
livecell/images/livecell_test_images/A172_Phase_C7_1_02d20h00m_2.tif,240.97718130071007,454,30.651771659696692,213.02281869928993,0.004405286343612335,0.004405286343612335,0.004405286343612335
livecell/images/livecell_test_images/A172_Phase_C7_1_01d04h00m_4.tif,140.41860623148386,127,5.017828198486832,13.418606231483864,0.015748031496062992,0.015748031496062992,0.015748031496062992
livecell/images/livecell_test_images/A172_Phase_C7_2_01d00h00m_4.tif,95.85438754918141,97,0.5940297575684853,1.1456124508185894,0.030927835051546393,0.030927835051546393,0.030927835051546393
livecell/images/livecell_test_images/A172_Phase_C7_2_00d12h00m_4.tif,64.20345550256025,69,3.600915966738987,4.796544497439754,0.014492753623188406,0.014492753623188406,0.014492753623188406
livecell/images/livecell_test_images/A172_Phase_C7_2_00d16h00m_2.tif,69.02302703238456,110,22.889219139503695,40.97697296761544,0.0,0.0,0.0
livecell/images/livecell_test_images/A172_Phase_C7_1_02d04h00m_3.tif,186.00335850741249,283,20.681438572481888,96.99664149258751,0.0035335689045936395,0.0035335689045936395,0.0035335689045936395
livecell/images/livecell_test_images/A172_Phase_C7_1_00d20h00m_4.tif,102.46842415067658,147,17.850586101600886,44.53157584932342,0.02040816326530612,0.02040816326530612,0.02040816326530612
livecell/images/livecell_test_images/A172_Phase_C7_1_03d00h00m_3.tif,222.67691495113831,415,30.159957266698033,192.32308504886169,0.007228915662650603,0.007228915662650603,0.0072289156626506035
livecell/images/livecell_test_images/A172_Phase_C7_2_01d04h00m_3.tif,124.6682918376464,139,5.435506887259067,14.331708162353607,0.007194244604316547,0.007194244604316547,0.007194244604316547
livecell/images/livecell_test_images/A172_Phase_C7_2_00d04h00m_4.tif,73.01666333238973,66,5.047354154669098,7.016663332389726,0.12121212121212122,0.12121212121212122,0.12121212121212122
livecell/images/livecell_test_images/A172_Phase_C7_2_02d04h00m_1.tif,191.65691613050876,351,29.363503741131584,159.34308386949124,0.0,0.0,0.0
livecell/images/livecell_test_images/A172_Phase_C7_1_02d16h00m_3.tif,216.23657518021355,338,21.969575858503077,121.76342481978645,0.0,0.0,0.0
livecell/images/livecell_test_images/A172_Phase_C7_1_02d00h00m_3.tif,197.04593159406795,250,11.845330571986066,52.95406840593205,0.0,0.0,0.0
livecell/images/livecell_test_images/A172_Phase_C7_2_02d20h00m_2.tif,211.5184094307624,344,23.848280870653948,132.4815905692376,0.0,0.0,0.0
livecell/images/livecell_test_images/A172_Phase_C7_2_00d12h00m_2.tif,79.15944143514207,96,9.614416686235918,16.84055856485793,0.0,0.0,0.0
livecell/images/livecell_test_images/A172_Phase_C7_1_01d20h00m_1.tif,128.90270379728463,268,35.04569126688499,139.09729620271537,0.0,0.0,0.0
livecell/images/livecell_test_images/A172_Phase_C7_1_00d08h00m_1.tif,44.46173360361354,56,11.48523520598637,11.538266396386462,0.017857142857142856,0.017857142857142856,0.017857142857142856
livecell/images/livecell_test_images/A172_Phase_C7_2_01d08h00m_1.tif,144.70328014846018,181,11.144106327389537,36.29671985153982,0.011049723756906077,0.011049723756906077,0.011049723756906077
livecell/images/livecell_test_images/A172_Phase_C7_2_01d12h00m_1.tif,142.698084274336,195,15.487773890708677,52.301915725664,0.005128205128205128,0.005128205128205128,0.005128205128205128
livecell/images/livecell_test_images/A172_Phase_C7_2_02d00h00m_2.tif,183.94997152475116,306,24.91071243364347,122.05002847524884,0.006535947712418301,0.006535947712418301,0.006535947712418301
livecell/images/livecell_test_images/A172_Phase_C7_1_02d08h00m_2.tif,188.42347877306747,384,34.16640450285709,195.57652122693253,0.0,0.0,0.0
livecell/images/livecell_test_images/A172_Phase_C7_1_00d08h00m_3.tif,70.21158894672772,62,6.210944904411086,8.211588946727716,0.04838709677419355,0.04838709677419355,0.04838709677419355
livecell/images/livecell_test_images/A172_Phase_C7_1_00d04h00m_4.tif,82.38905298717145,84,0.9681808892516205,1.6109470128285466,0.07142857142857142,0.07142857142857142,0.07142857142857142
livecell/images/livecell_test_images/A172_Phase_C7_1_01d12h00m_1.tif,110.3016993080746,193,27.266019570805543,82.6983006919254,0.0051813471502590676,0.0051813471502590676,0.0051813471502590676
livecell/images/livecell_test_images/A172_Phase_C7_1_01d20h00m_2.tif,176.6874345815886,300,25.86864189668619,123.3125654184114,0.0033333333333333335,0.0033333333333333335,0.003333333333333334
livecell/images/livecell_test_images/A172_Phase_C7_1_02d12h00m_4.tif,213.97057520413364,342,23.028093662845066,128.02942479586636,0.0029239766081871343,0.0029239766081871343,0.002923976608187134
livecell/images/livecell_test_images/A172_Phase_C7_2_02d00h00m_1.tif,181.68890297674807,322,27.856698091625248,140.31109702325193,0.0,0.0,0.0
livecell/images/livecell_test_images/A172_Phase_C7_1_02d04h00m_2.tif,188.67908820345474,368,32.212618651665096,179.32091179654526,0.002717391304347826,0.002717391304347826,0.002717391304347826
livecell/images/livecell_test_images/A172_Phase_C7_1_01d04h00m_1.tif,69.57305675861062,146,35.45291994767647,76.42694324138938,0.0,0.0,0.0
livecell/images/livecell_test_images/MCF7_Phase_H4_2_02d20h00m_4.tif,669.2376811634749,1275,31.156803754262363,605.7623188365251,0.002352941176470588,0.002352941176470588,0.002352941176470588
livecell/images/livecell_test_images/MCF7_Phase_H4_1_02d12h00m_1.tif,159.4789618388313,555,55.3579684338401,395.5210381611687,0.0018018018018018018,0.0018018018018018018,0.0018018018018018018
livecell/images/livecell_test_images/MCF7_Phase_H4_1_01d08h00m_2.tif,82.66946872925473,310,57.89361011601579,227.33053127074527,0.0032258064516129032,0.0032258064516129032,0.0032258064516129032
livecell/images/livecell_test_images/MCF7_Phase_H4_2_03d04h00m_2.tif,835.8462419821881,1431,26.254703428733407,595.1537580178119,0.002795248078266946,0.002795248078266946,0.002795248078266946
livecell/images/livecell_test_images/MCF7_Phase_H4_1_00d20h00m_3.tif,59.26423980578329,147,42.53561367536514,87.73576019421671,0.02040816326530612,0.02040816326530612,0.02040816326530612
livecell/images/livecell_test_images/MCF7_Phase_H4_1_02d20h00m_4.tif,441.4008954334713,1140,44.17596490452464,698.5991045665287,0.0008771929824561404,0.0008771929824561404,0.0008771929824561404
livecell/images/livecell_test_images/MCF7_Phase_H4_2_01d00h00m_1.tif,97.47075523657986,212,37.00809941665293,114.52924476342014,0.02358490566037736,0.02358490566037736,0.023584905660377357
livecell/images/livecell_test_images/MCF7_Phase_H4_2_00d04h00m_3.tif,77.55313842390751,93,9.056920159217196,15.446861576092488,0.10752688172043011,0.10752688172043011,0.10752688172043011
livecell/images/livecell_test_images/MCF7_Phase_H4_2_01d12h00m_4.tif,174.10489308158867,409,40.283508114130086,234.89510691841133,0.014669926650366748,0.014669926650366748,0.014669926650366748
livecell/images/livecell_test_images/MCF7_Phase_H4_1_01d20h00m_4.tif,174.30860844498966,382,37.3338446326681,207.69139155501034,0.013089005235602094,0.013089005235602094,0.013089005235602094
livecell/images/livecell_test_images/MCF7_Phase_H4_2_00d20h00m_1.tif,87.61588413552818,147,25.311208609459708,59.38411586447182,0.02040816326530612,0.02040816326530612,0.02040816326530612
livecell/images/livecell_test_images/MCF7_Phase_H4_1_01d16h00m_4.tif,141.45961139397696,333,40.370219931528304,191.54038860602304,0.006006006006006006,0.006006006006006006,0.006006006006006007
livecell/images/livecell_test_images/MCF7_Phase_H4_2_02d12h00m_2.tif,564.0605341324699,1029,29.18529810423816,464.9394658675301,0.0029154518950437317,0.0029154518950437317,0.0029154518950437317
livecell/images/livecell_test_images/MCF7_Phase_H4_2_03d00h00m_4.tif,734.9580685118563,1386,30.695653117976974,651.0419314881437,0.0021645021645021645,0.0021645021645021645,0.0021645021645021645
livecell/images/livecell_test_images/MCF7_Phase_H4_1_01d12h00m_2.tif,98.59589301900269,347,55.746498312183505,248.4041069809973,0.0,0.0,0.0
livecell/images/livecell_test_images/MCF7_Phase_H4_1_03d04h00m_3.tif,504.6467237621255,864,26.2561017389562,359.3532762378745,0.003472222222222222,0.003472222222222222,0.003472222222222222
livecell/images/livecell_test_images/MCF7_Phase_H4_2_01d16h00m_1.tif,136.74878136315965,348,43.57952546941569,211.25121863684035,0.008620689655172414,0.008620689655172414,0.008620689655172414
livecell/images/livecell_test_images/MCF7_Phase_H4_1_02d08h00m_2.tif,161.24687002958672,637,59.599748878787295,475.7531299704133,0.004709576138147566,0.004709576138147566,0.004709576138147566
livecell/images/livecell_test_images/MCF7_Phase_H4_1_03d00h00m_4.tif,620.9166356388596,1125,28.872132498851418,504.0833643611404,0.0026666666666666666,0.0026666666666666666,0.0026666666666666666
livecell/images/livecell_test_images/MCF7_Phase_H4_1_00d12h00m_3.tif,56.810090931441664,199,55.5841673605698,142.18990906855834,0.03015075376884422,0.03015075376884422,0.03015075376884422
livecell/images/livecell_test_images/MCF7_Phase_H4_1_01d16h00m_2.tif,104.09026730270125,487,64.78024658477554,382.90973269729875,0.004106776180698152,0.004106776180698152,0.004106776180698152
livecell/images/livecell_test_images/MCF7_Phase_H4_1_00d00h00m_3.tif,66.8824976792057,86,12.504703030760705,19.1175023207943,0.13953488372093023,0.13953488372093023,0.13953488372093023
livecell/images/livecell_test_images/MCF7_Phase_H4_1_02d00h00m_1.tif,110.90367574998527,462,61.28365711572654,351.09632425001473,0.004329004329004329,0.004329004329004329,0.004329004329004329
livecell/images/livecell_test_images/MCF7_Phase_H4_2_02d16h00m_3.tif,331.208222804853,620,30.360521521100715,288.791777195147,0.0016129032258064516,0.0016129032258064516,0.0016129032258064516
livecell/images/livecell_test_images/MCF7_Phase_H4_2_02d20h00m_1.tif,442.72960818276624,659,19.630078942323987,216.27039181723376,0.0030349013657056147,0.0030349013657056147,0.0030349013657056147
livecell/images/livecell_test_images/MCF7_Phase_H4_2_00d16h00m_1.tif,87.34029452412506,134,21.080529225910674,46.659705475874944,0.029850746268656716,0.029850746268656716,0.029850746268656716
livecell/images/livecell_test_images/MCF7_Phase_H4_2_02d08h00m_3.tif,180.33028576680226,546,50.34482540503629,365.66971423319774,0.005494505494505495,0.005494505494505495,0.005494505494505495
livecell/images/livecell_test_images/MCF7_Phase_H4_2_02d04h00m_3.tif,184.72708386165323,423,39.20722351623689,238.27291613834677,0.0070921985815602835,0.0070921985815602835,0.0070921985815602835
livecell/images/livecell_test_images/MCF7_Phase_H4_2_01d20h00m_3.tif,168.83474082929024,333,32.71301203647718,164.16525917070976,0.009009009009009009,0.009009009009009009,0.009009009009009009
livecell/images/livecell_test_images/MCF7_Phase_H4_1_02d12h00m_4.tif,265.62077341975237,773,48.85124961535825,507.37922658024763,0.00258732212160414,0.00258732212160414,0.00258732212160414
livecell/images/livecell_test_images/MCF7_Phase_H4_2_01d12h00m_3.tif,120.58561342659232,235,32.1763261091629,114.41438657340768,0.00425531914893617,0.00425531914893617,0.00425531914893617
livecell/images/livecell_test_images/MCF7_Phase_H4_2_02d20h00m_2.tif,722.1703314721235,1275,27.68064695415254,552.8296685278765,0.00392156862745098,0.00392156862745098,0.00392156862745098
livecell/images/livecell_test_images/MCF7_Phase_H4_1_00d00h00m_4.tif,101.24986125306896,126,10.891156813235149,24.750138746931043,0.07936507936507936,0.07936507936507936,0.07936507936507936
livecell/images/livecell_test_images/MCF7_Phase_H4_1_01d00h00m_1.tif,53.974396940309816,175,52.8555177683205,121.02560305969018,0.0,0.0,0.0
livecell/images/livecell_test_images/MCF7_Phase_H4_1_00d04h00m_2.tif,71.87882405149503,121,25.467376312596418,49.12117594850497,0.04132231404958678,0.04132231404958678,0.04132231404958678
livecell/images/livecell_test_images/MCF7_Phase_H4_1_01d04h00m_1.tif,60.83810683145566,192,51.8758405575225,131.16189316854434,0.010416666666666666,0.010416666666666666,0.010416666666666666
livecell/images/livecell_test_images/MCF7_Phase_H4_2_02d16h00m_1.tif,386.34611649170984,999,44.22388572898969,612.6538835082902,0.004004004004004004,0.004004004004004004,0.004004004004004004
livecell/images/livecell_test_images/MCF7_Phase_H4_1_01d20h00m_3.tif,123.91712653423747,273,37.56020173972082,149.08287346576253,0.003663003663003663,0.003663003663003663,0.003663003663003663
livecell/images/livecell_test_images/MCF7_Phase_H4_2_03d12h00m_1.tif,744.2566710159299,1326,28.100058177742437,581.7433289840701,0.003770739064856712,0.003770739064856712,0.003770739064856712
livecell/images/livecell_test_images/MCF7_Phase_H4_2_00d20h00m_2.tif,148.57652203756152,232,21.920290173392484,83.42347796243848,0.034482758620689655,0.034482758620689655,0.034482758620689655
livecell/images/livecell_test_images/MCF7_Phase_H4_1_00d08h00m_3.tif,59.16864293179242,93,22.232804614924532,33.83135706820758,0.043010752688172046,0.043010752688172046,0.043010752688172046
livecell/images/livecell_test_images/MCF7_Phase_H4_2_02d04h00m_2.tif,410.35543219241663,782,31.168941556648953,371.64456780758337,0.0025575447570332483,0.0025575447570332483,0.0025575447570332483
livecell/images/livecell_test_images/MCF7_Phase_H4_2_02d12h00m_4.tif,536.1144646629109,932,26.965576926454922,395.8855353370891,0.00536480686695279,0.00536480686695279,0.00536480686695279
livecell/images/livecell_test_images/MCF7_Phase_H4_1_03d12h00m_4.tif,818.9846188640222,979,8.89970800957555,160.0153811359778,0.0010214504596527069,0.0010214504596527069,0.0010214504596527069
livecell/images/livecell_test_images/MCF7_Phase_H4_1_01d20h00m_2.tif,125.23443206556112,305,41.78316623134556,179.76556793443888,0.006557377049180328,0.006557377049180328,0.006557377049180328
livecell/images/livecell_test_images/MCF7_Phase_H4_2_01d08h00m_2.tif,146.03861785896152,410,47.47177150346632,263.9613821410385,0.004878048780487805,0.004878048780487805,0.004878048780487805
livecell/images/livecell_test_images/MCF7_Phase_H4_2_00d00h00m_1.tif,74.5083238030129,105,16.9862185502037,30.4916761969871,0.11428571428571428,0.11428571428571428,0.11428571428571428
livecell/images/livecell_test_images/MCF7_Phase_H4_1_03d12h00m_3.tif,720.0750536751584,864,9.085740349923839,143.92494632484159,0.004629629629629629,0.004629629629629629,0.004629629629629629
livecell/images/livecell_test_images/MCF7_Phase_H4_1_02d16h00m_2.tif,208.592528219393,851,60.627784235148354,642.407471780607,0.0035252643948296123,0.0035252643948296123,0.0035252643948296123
livecell/images/livecell_test_images/MCF7_Phase_H4_2_03d12h00m_4.tif,939.8825970178004,1277,15.206822564068002,337.11740298219956,0.003915426781519186,0.003915426781519186,0.003915426781519186
livecell/images/livecell_test_images/MCF7_Phase_H4_1_00d00h00m_1.tif,56.27898402487335,176,51.54190615983857,119.72101597512665,0.03977272727272727,0.03977272727272727,0.03977272727272727
livecell/images/livecell_test_images/MCF7_Phase_H4_1_02d00h00m_2.tif,142.1745807172847,558,59.388819693615325,415.8254192827153,0.005376344086021506,0.005376344086021506,0.005376344086021506
livecell/images/livecell_test_images/MCF7_Phase_H4_1_03d16h00m_3.tif,770.7820680097793,1132,18.983673330915803,361.2179319902207,0.0017667844522968198,0.0017667844522968198,0.0017667844522968198
livecell/images/livecell_test_images/MCF7_Phase_H4_2_01d04h00m_3.tif,110.0206079076961,183,24.90589061752715,72.9793920923039,0.02185792349726776,0.02185792349726776,0.02185792349726776
livecell/images/livecell_test_images/MCF7_Phase_H4_2_02d08h00m_4.tif,391.9533783594088,966,42.272925623861774,574.0466216405912,0.005175983436853002,0.005175983436853002,0.005175983436853002
livecell/images/livecell_test_images/MCF7_Phase_H4_2_00d20h00m_4.tif,111.46548123507091,202,28.88181448503299,90.53451876492909,0.01485148514851485,0.01485148514851485,0.01485148514851485
livecell/images/livecell_test_images/MCF7_Phase_H4_2_03d04h00m_3.tif,527.7599235181406,925,27.343821236468678,397.24007648185943,0.006486486486486486,0.006486486486486486,0.006486486486486486
livecell/images/livecell_test_images/MCF7_Phase_H4_1_00d04h00m_3.tif,66.80022970067512,86,12.565275809425078,19.199770299324882,0.10465116279069768,0.10465116279069768,0.10465116279069768
livecell/images/livecell_test_images/MCF7_Phase_H4_1_00d16h00m_2.tif,74.83430699349992,141,30.655781246348724,66.16569300650008,0.06382978723404255,0.06382978723404255,0.06382978723404255
livecell/images/livecell_test_images/MCF7_Phase_H4_2_00d08h00m_3.tif,94.31456229437026,106,5.833543788223205,11.685437705629738,0.12264150943396226,0.12264150943396226,0.12264150943396226
livecell/images/livecell_test_images/MCF7_Phase_H4_2_03d16h00m_4.tif,1007.5210115454393,1274,11.679883161542977,266.47898845456075,0.0031397174254317113,0.0031397174254317113,0.0031397174254317113
livecell/images/livecell_test_images/MCF7_Phase_H4_2_01d04h00m_4.tif,145.74300419262727,273,30.390238053704376,127.25699580737273,0.01098901098901099,0.01098901098901099,0.01098901098901099
livecell/images/livecell_test_images/MCF7_Phase_H4_1_00d20h00m_1.tif,52.08129891971112,144,46.87785198624505,91.91870108028888,0.0,0.0,0.0
livecell/images/livecell_test_images/MCF7_Phase_H4_1_02d12h00m_3.tif,194.02329962473596,575,49.54033259605672,380.97670037526404,0.0034782608695652175,0.0034782608695652175,0.0034782608695652175
livecell/images/livecell_test_images/MCF7_Phase_H4_1_02d00h00m_3.tif,137.95117233559722,455,53.46963501489802,317.0488276644028,0.004395604395604396,0.004395604395604396,0.004395604395604396
livecell/images/livecell_test_images/MCF7_Phase_H4_2_03d08h00m_3.tif,552.6752531188249,797,18.1024840098824,244.3247468811751,0.0075282308657465494,0.0075282308657465494,0.0075282308657465494
livecell/images/livecell_test_images/MCF7_Phase_H4_2_00d16h00m_4.tif,108.459986417045,189,27.075915168649356,80.540013582955,0.0,0.0,0.0
livecell/images/livecell_test_images/MCF7_Phase_H4_1_03d08h00m_2.tif,569.4918089512212,913,23.171000944132796,343.5081910487788,0.0065717415115005475,0.0065717415115005475,0.0065717415115005475
livecell/images/livecell_test_images/MCF7_Phase_H4_2_01d00h00m_3.tif,93.89411856429797,207,37.58992763812778,113.10588143570203,0.028985507246376812,0.028985507246376812,0.028985507246376812
livecell/images/livecell_test_images/MCF7_Phase_H4_1_01d04h00m_4.tif,109.04541361811425,313,48.32527017256798,203.95458638188575,0.012779552715654952,0.012779552715654952,0.012779552715654952
livecell/images/livecell_test_images/MCF7_Phase_H4_1_02d20h00m_2.tif,269.61851193083567,949,55.750136849039066,679.3814880691643,0.004214963119072708,0.004214963119072708,0.004214963119072708
livecell/images/livecell_test_images/MCF7_Phase_H4_1_00d12h00m_1.tif,50.76649858894962,238,64.83906627879698,187.23350141105038,0.012605042016806723,0.012605042016806723,0.012605042016806723
livecell/images/livecell_test_images/MCF7_Phase_H4_2_02d04h00m_1.tif,208.9589631597628,565,46.00257297708202,356.0410368402372,0.0035398230088495575,0.0035398230088495575,0.0035398230088495575
livecell/images/livecell_test_images/MCF7_Phase_H4_1_01d16h00m_1.tif,80.97581275270932,363,63.5224215253311,282.0241872472907,0.0027548209366391185,0.0027548209366391185,0.0027548209366391185
livecell/images/livecell_test_images/MCF7_Phase_H4_1_00d00h00m_2.tif,84.54231455056288,123,18.530045563343563,38.45768544943712,0.07317073170731707,0.07317073170731707,0.07317073170731707
livecell/images/livecell_test_images/MCF7_Phase_H4_1_03d00h00m_2.tif,296.5782255867671,884,49.757124236411734,587.4217744132329,0.003393665158371041,0.003393665158371041,0.003393665158371041
livecell/images/livecell_test_images/MCF7_Phase_H4_2_03d04h00m_4.tif,798.4308478294406,1246,21.892114993556312,447.5691521705594,0.0040128410914927765,0.0040128410914927765,0.0040128410914927765
livecell/images/livecell_test_images/MCF7_Phase_H4_2_00d12h00m_3.tif,82.15029991503252,113,15.80817457026676,30.84970008496748,0.05309734513274336,0.05309734513274336,0.05309734513274336
livecell/images/livecell_test_images/MCF7_Phase_H4_1_02d04h00m_1.tif,118.7947065294502,275,39.66668187269497,156.2052934705498,0.01090909090909091,0.01090909090909091,0.01090909090909091
livecell/images/livecell_test_images/MCF7_Phase_H4_2_01d08h00m_3.tif,101.88042593817227,237,39.872345440949104,135.11957406182773,0.012658227848101266,0.012658227848101266,0.012658227848101266
livecell/images/livecell_test_images/MCF7_Phase_H4_1_00d08h00m_4.tif,91.50919395347591,170,30.014549339511206,78.49080604652409,0.029411764705882353,0.029411764705882353,0.029411764705882353
livecell/images/livecell_test_images/MCF7_Phase_H4_1_00d12h00m_2.tif,68.57656168316316,154,38.379350310225725,85.42343831683684,0.006493506493506494,0.006493506493506494,0.006493506493506494
livecell/images/livecell_test_images/MCF7_Phase_H4_1_02d16h00m_1.tif,152.87742930318927,622,60.54151959474036,469.1225706968107,0.001607717041800643,0.001607717041800643,0.001607717041800643
livecell/images/livecell_test_images/MCF7_Phase_H4_2_00d16h00m_2.tif,125.33421012367762,205,24.116724043354573,79.66578987632238,0.014634146341463415,0.014634146341463415,0.014634146341463415
livecell/images/livecell_test_images/MCF7_Phase_H4_1_00d04h00m_4.tif,92.33244409968029,138,19.826801247572533,45.66755590031971,0.057971014492753624,0.057971014492753624,0.057971014492753624
livecell/images/livecell_test_images/MCF7_Phase_H4_2_00d00h00m_3.tif,81.58184314439131,97,8.63366430995027,15.418156855608686,0.041237113402061855,0.041237113402061855,0.041237113402061855
livecell/images/livecell_test_images/MCF7_Phase_H4_2_03d08h00m_1.tif,663.0329969662707,1303,32.55118322130117,639.9670030337293,0.0023023791250959325,0.0023023791250959325,0.0023023791250959325
livecell/images/livecell_test_images/MCF7_Phase_H4_2_00d12h00m_4.tif,102.9503878847463,152,19.238885071799626,49.049612115253694,0.02631578947368421,0.02631578947368421,0.02631578947368421
livecell/images/livecell_test_images/MCF7_Phase_H4_2_02d04h00m_4.tif,368.1795427367615,526,17.649750382368058,157.8204572632385,0.013307984790874524,0.013307984790874524,0.013307984790874524
livecell/images/livecell_test_images/MCF7_Phase_H4_1_03d16h00m_1.tif,465.05981649723253,951,34.31635993349418,485.94018350276747,0.002103049421661409,0.002103049421661409,0.002103049421661409
livecell/images/livecell_test_images/MCF7_Phase_H4_2_01d04h00m_2.tif,144.64294474017515,237,24.199859196323438,92.35705525982485,0.02109704641350211,0.02109704641350211,0.02109704641350211
livecell/images/livecell_test_images/MCF7_Phase_H4_2_02d08h00m_1.tif,207.28736698781722,529,43.69389554085693,321.7126330121828,0.001890359168241966,0.001890359168241966,0.001890359168241966
livecell/images/livecell_test_images/MCF7_Phase_H4_2_00d12h00m_1.tif,72.42905559773135,134,29.826685116581675,61.57094440226865,0.014925373134328358,0.014925373134328358,0.014925373134328358
livecell/images/livecell_test_images/MCF7_Phase_H4_1_03d04h00m_2.tif,361.380138843233,984,46.27835978700413,622.619861156767,0.0040650406504065045,0.0040650406504065045,0.0040650406504065045
livecell/images/livecell_test_images/MCF7_Phase_H4_2_01d20h00m_2.tif,307.4213303050201,502,24.039231783236477,194.5786696949799,0.00796812749003984,0.00796812749003984,0.00796812749003984
livecell/images/livecell_test_images/MCF7_Phase_H4_2_01d04h00m_1.tif,100.67748215440224,197,32.358012822628034,96.32251784559776,0.01015228426395939,0.01015228426395939,0.01015228426395939
livecell/images/livecell_test_images/MCF7_Phase_H4_1_01d20h00m_1.tif,106.14268905922654,254,41.05520268286159,147.85731094077346,0.007874015748031496,0.007874015748031496,0.007874015748031496
livecell/images/livecell_test_images/MCF7_Phase_H4_2_03d16h00m_1.tif,761.914482849359,1064,16.54434093097467,302.08551715064095,0.002819548872180451,0.002819548872180451,0.002819548872180451
livecell/images/livecell_test_images/MCF7_Phase_H4_1_02d16h00m_3.tif,203.41573965879797,657,52.716871558053214,453.584260341202,0.0045662100456621,0.0045662100456621,0.0045662100456621
livecell/images/livecell_test_images/MCF7_Phase_H4_1_02d20h00m_1.tif,184.50636296869197,756,60.764462584537796,571.493637031308,0.0013227513227513227,0.0013227513227513227,0.0013227513227513227
livecell/images/livecell_test_images/MCF7_Phase_H4_2_03d12h00m_2.tif,979.5621659917524,1487,20.572675645668053,507.4378340082476,0.004707464694014795,0.004707464694014795,0.004707464694014795
livecell/images/livecell_test_images/MCF7_Phase_H4_1_02d04h00m_2.tif,146.35181619053765,352,41.26566355902187,205.64818380946235,0.002840909090909091,0.002840909090909091,0.002840909090909091
livecell/images/livecell_test_images/MCF7_Phase_H4_2_01d12h00m_1.tif,115.22891548902408,305,45.158978241689454,189.77108451097592,0.003278688524590164,0.003278688524590164,0.003278688524590164
livecell/images/livecell_test_images/MCF7_Phase_H4_2_03d00h00m_2.tif,776.2266453996417,1414,29.119057424487977,637.7733546003583,0.004243281471004243,0.004243281471004243,0.004243281471004243
livecell/images/livecell_test_images/MCF7_Phase_H4_2_03d16h00m_3.tif,704.6639372950885,1022,18.378565501404715,317.33606270491146,0.004892367906066536,0.004892367906066536,0.004892367906066536
livecell/images/livecell_test_images/MCF7_Phase_H4_2_03d08h00m_2.tif,899.3791812123964,1266,16.93102168749644,366.62081878760364,0.005529225908372828,0.005529225908372828,0.005529225908372827
livecell/images/livecell_test_images/MCF7_Phase_H4_1_01d16h00m_3.tif,94.13210823031113,239,43.48661932927052,144.86789176968887,0.0,0.0,0.0
livecell/images/livecell_test_images/MCF7_Phase_H4_1_01d12h00m_3.tif,92.25165467209445,266,48.49896520001739,173.74834532790555,0.007518796992481203,0.007518796992481203,0.007518796992481203
livecell/images/livecell_test_images/MCF7_Phase_H4_2_01d20h00m_4.tif,240.3925526048988,489,34.084176827312376,248.6074473951012,0.006134969325153374,0.006134969325153374,0.006134969325153375
livecell/images/livecell_test_images/MCF7_Phase_H4_2_02d16h00m_2.tif,653.5733596435748,982,20.080214587745314,328.4266403564252,0.003054989816700611,0.003054989816700611,0.003054989816700611
livecell/images/livecell_test_images/MCF7_Phase_H4_1_02d08h00m_3.tif,149.26369284815155,505,54.37200795955087,355.73630715184845,0.005940594059405941,0.005940594059405941,0.005940594059405941
livecell/images/livecell_test_images/MCF7_Phase_H4_2_01d20h00m_1.tif,160.50357570657798,397,42.42061120302006,236.49642429342202,0.005037783375314861,0.005037783375314861,0.005037783375314861
livecell/images/livecell_test_images/MCF7_Phase_H4_1_02d00h00m_4.tif,181.19874359530513,456,43.12645923533481,274.80125640469487,0.010964912280701754,0.010964912280701754,0.010964912280701754
livecell/images/livecell_test_images/MCF7_Phase_H4_2_00d04h00m_1.tif,65.6460473863408,102,21.684944667905835,36.3539526136592,0.029411764705882353,0.029411764705882353,0.029411764705882353
livecell/images/livecell_test_images/MCF7_Phase_H4_2_02d20h00m_3.tif,376.1851634081395,798,35.924047563973545,421.8148365918605,0.002506265664160401,0.002506265664160401,0.002506265664160401
livecell/images/livecell_test_images/MCF7_Phase_H4_2_01d12h00m_2.tif,177.13379024602182,398,38.40257927803189,220.86620975397818,0.005025125628140704,0.005025125628140704,0.005025125628140704
livecell/images/livecell_test_images/MCF7_Phase_H4_2_00d16h00m_3.tif,76.910218844263,124,23.438221025600985,47.089781155737,0.016129032258064516,0.016129032258064516,0.016129032258064516
livecell/images/livecell_test_images/MCF7_Phase_H4_2_01d08h00m_1.tif,99.60288712237525,238,40.994054896058444,138.39711287762475,0.012605042016806723,0.012605042016806723,0.012605042016806723
livecell/images/livecell_test_images/MCF7_Phase_H4_2_01d00h00m_4.tif,127.59294457938813,227,28.034132359437315,99.40705542061187,0.013215859030837005,0.013215859030837005,0.013215859030837003
livecell/images/livecell_test_images/MCF7_Phase_H4_2_01d00h00m_2.tif,132.73113286932494,312,40.30949350769862,179.26886713067506,0.003205128205128205,0.003205128205128205,0.003205128205128205
livecell/images/livecell_test_images/MCF7_Phase_H4_2_02d00h00m_3.tif,167.71586824196856,360,36.43705700922096,192.28413175803144,0.005555555555555556,0.005555555555555556,0.005555555555555556
livecell/images/livecell_test_images/MCF7_Phase_H4_2_00d04h00m_4.tif,117.89021066694113,138,7.858756800678536,20.10978933305887,0.043478260869565216,0.043478260869565216,0.043478260869565216
livecell/images/livecell_test_images/MCF7_Phase_H4_2_00d08h00m_1.tif,80.32252137949399,114,17.330713075061947,33.67747862050601,0.02631578947368421,0.02631578947368421,0.02631578947368421
livecell/images/livecell_test_images/MCF7_Phase_H4_1_01d08h00m_3.tif,78.02985483771045,212,46.19184643500032,133.97014516228955,0.009433962264150943,0.009433962264150943,0.009433962264150943
livecell/images/livecell_test_images/MCF7_Phase_H4_2_00d08h00m_2.tif,128.99411948714987,180,16.507071590069955,51.005880512850126,0.05555555555555555,0.05555555555555555,0.05555555555555555
livecell/images/livecell_test_images/MCF7_Phase_H4_1_02d08h00m_4.tif,210.22741069903714,715,54.5565969472945,504.77258930096286,0.002797202797202797,0.002797202797202797,0.002797202797202797
livecell/images/livecell_test_images/MCF7_Phase_H4_2_02d12h00m_1.tif,388.2475768805598,768,32.84352163954144,379.7524231194402,0.0026041666666666665,0.0026041666666666665,0.0026041666666666665
livecell/images/livecell_test_images/MCF7_Phase_H4_2_02d16h00m_4.tif,585.4144600842556,913,21.86214486326596,327.58553991574445,0.007667031763417305,0.007667031763417305,0.007667031763417305
livecell/images/livecell_test_images/MCF7_Phase_H4_2_03d00h00m_3.tif,462.8218958269281,791,26.17422021942199,328.1781041730719,0.006321112515802781,0.006321112515802781,0.00632111251580278
livecell/images/livecell_test_images/MCF7_Phase_H4_2_02d08h00m_2.tif,452.04923506703926,899,33.08175256179935,446.95076493296074,0.0033370411568409346,0.0033370411568409346,0.003337041156840935
livecell/images/livecell_test_images/MCF7_Phase_H4_1_00d20h00m_2.tif,68.7721559848469,206,49.94241265942569,137.2278440151531,0.009708737864077669,0.009708737864077669,0.009708737864077669
livecell/images/livecell_test_images/MCF7_Phase_H4_1_00d12h00m_4.tif,96.92540246972203,210,36.84106842262191,113.07459753027797,0.01904761904761905,0.01904761904761905,0.01904761904761905
livecell/images/livecell_test_images/MCF7_Phase_H4_1_02d08h00m_1.tif,129.58723339817516,411,52.056865056327986,281.41276660182484,0.004866180048661801,0.004866180048661801,0.004866180048661801
livecell/images/livecell_test_images/MCF7_Phase_H4_2_00d12h00m_2.tif,113.80020531203627,154,15.011114215212649,40.19979468796373,0.012987012987012988,0.012987012987012988,0.012987012987012988
livecell/images/livecell_test_images/MCF7_Phase_H4_2_00d00h00m_2.tif,137.62823399483023,166,9.344244977445955,28.371766005169775,0.04216867469879518,0.04216867469879518,0.04216867469879518
livecell/images/livecell_test_images/MCF7_Phase_H4_1_03d08h00m_3.tif,588.6179227827815,863,18.90181106962515,274.38207721721847,0.004634994206257242,0.004634994206257242,0.004634994206257242
livecell/images/livecell_test_images/MCF7_Phase_H4_1_03d00h00m_1.tif,223.55216446172562,691,51.11221138636727,467.4478355382744,0.002894356005788712,0.002894356005788712,0.002894356005788712
livecell/images/livecell_test_images/MCF7_Phase_H4_1_00d16h00m_3.tif,59.78825230025177,110,29.573157753549577,50.21174769974823,0.00909090909090909,0.00909090909090909,0.00909090909090909
livecell/images/livecell_test_images/MCF7_Phase_H4_1_03d08h00m_1.tif,326.1440498099837,944,48.64455730690144,617.8559501900163,0.00423728813559322,0.00423728813559322,0.00423728813559322
livecell/images/livecell_test_images/MCF7_Phase_H4_1_00d20h00m_4.tif,95.866163308041,225,40.24538934259226,129.133836691959,0.013333333333333334,0.013333333333333334,0.013333333333333336
livecell/images/livecell_test_images/MCF7_Phase_H4_2_02d00h00m_4.tif,264.5501796887984,698,45.03139986440396,433.4498203112016,0.004297994269340974,0.004297994269340974,0.004297994269340974
livecell/images/livecell_test_images/MCF7_Phase_H4_1_03d00h00m_3.tif,453.8826031393837,843,30.004057107302835,389.1173968606163,0.0035587188612099642,0.0035587188612099642,0.0035587188612099647
livecell/images/livecell_test_images/MCF7_Phase_H4_2_01d08h00m_4.tif,160.9713769407972,369,39.252803474033946,208.0286230592028,0.0027100271002710027,0.0027100271002710027,0.0027100271002710027
livecell/images/livecell_test_images/MCF7_Phase_H4_1_03d12h00m_2.tif,576.7765285459463,957,24.790017605401342,380.22347145405365,0.0,0.0,0.0
livecell/images/livecell_test_images/MCF7_Phase_H4_1_02d20h00m_3.tif,263.17224040656583,733,47.16330575540674,469.82775959343417,0.002728512960436562,0.002728512960436562,0.002728512960436562
livecell/images/livecell_test_images/MCF7_Phase_H4_1_01d00h00m_4.tif,107.30006539459282,278,44.30311591839214,170.69993460540718,0.0035971223021582736,0.0035971223021582736,0.0035971223021582736
livecell/images/livecell_test_images/MCF7_Phase_H4_1_02d04h00m_4.tif,200.42483730499225,545,46.22533962522422,344.57516269500775,0.005504587155963303,0.005504587155963303,0.005504587155963303
livecell/images/livecell_test_images/MCF7_Phase_H4_1_03d04h00m_1.tif,243.85664390971942,913,57.841510407792605,669.1433560902806,0.0,0.0,0.0
livecell/images/livecell_test_images/MCF7_Phase_H4_2_00d08h00m_4.tif,117.28616337622952,147,11.2430542122142,29.713836623770476,0.04081632653061224,0.04081632653061224,0.04081632653061224
livecell/images/livecell_test_images/MCF7_Phase_H4_1_03d08h00m_4.tif,715.6427352585015,768,3.5289671493842536,52.35726474149851,0.009114583333333334,0.009114583333333334,0.009114583333333334
livecell/images/livecell_test_images/MCF7_Phase_H4_1_00d16h00m_1.tif,57.04668979434064,135,40.59081168706327,77.95331020565936,0.007407407407407408,0.007407407407407408,0.007407407407407408
livecell/images/livecell_test_images/MCF7_Phase_H4_2_02d12h00m_3.tif,263.5967293116264,640,41.65611256418815,376.4032706883736,0.0046875,0.0046875,0.0046875
livecell/images/livecell_test_images/MCF7_Phase_H4_1_01d12h00m_1.tif,74.94175421200634,267,56.16694756409192,192.05824578799366,0.0,0.0,0.0
livecell/images/livecell_test_images/MCF7_Phase_H4_1_01d00h00m_2.tif,84.95105272004002,211,42.591146786424225,126.04894727995998,0.03317535545023697,0.03317535545023697,0.03317535545023697
livecell/images/livecell_test_images/MCF7_Phase_H4_1_00d16h00m_4.tif,91.81854015529098,189,34.60649706068846,97.18145984470902,0.021164021164021163,0.021164021164021163,0.021164021164021163
livecell/images/livecell_test_images/MCF7_Phase_H4_1_03d16h00m_2.tif,674.3076104160282,1107,24.290716946014484,432.6923895839718,0.007226738934056007,0.007226738934056007,0.007226738934056007
livecell/images/livecell_test_images/MCF7_Phase_H4_2_01d16h00m_2.tif,223.94064165712916,435,32.03010180281044,211.05935834287084,0.006896551724137931,0.006896551724137931,0.006896551724137931
livecell/images/livecell_test_images/MCF7_Phase_H4_2_00d00h00m_4.tif,121.58251652945182,135,5.229305430484408,13.417483470548177,0.14074074074074075,0.14074074074074075,0.14074074074074075
livecell/images/livecell_test_images/MCF7_Phase_H4_2_03d04h00m_1.tif,629.6415779259405,1184,30.566040656611843,554.3584220740595,0.002533783783783784,0.002533783783783784,0.002533783783783784
livecell/images/livecell_test_images/MCF7_Phase_H4_1_01d04h00m_2.tif,87.49293187536387,255,48.90818248640337,167.50706812463613,0.00392156862745098,0.00392156862745098,0.00392156862745098
livecell/images/livecell_test_images/MCF7_Phase_H4_1_00d08h00m_2.tif,82.97405022387102,119,17.836920008385874,36.02594977612898,0.03361344537815126,0.03361344537815126,0.03361344537815126
livecell/images/livecell_test_images/MCF7_Phase_H4_2_02d00h00m_1.tif,162.86902907380136,431,45.149849175394095,268.13097092619864,0.004640371229698376,0.004640371229698376,0.004640371229698376
livecell/images/livecell_test_images/MCF7_Phase_H4_1_03d04h00m_4.tif,658.8079038262367,1227,30.129903211293254,568.1920961737633,0.0008149959250203749,0.0008149959250203749,0.0008149959250203749
livecell/images/livecell_test_images/MCF7_Phase_H4_2_01d16h00m_3.tif,128.5841265236959,268,35.15417389454542,139.4158734763041,0.011194029850746268,0.011194029850746268,0.01119402985074627
livecell/images/livecell_test_images/MCF7_Phase_H4_1_03d16h00m_4.tif,856.2719713824335,1196,16.553752784954803,339.72802861756645,0.004180602006688963,0.004180602006688963,0.004180602006688963
livecell/images/livecell_test_images/MCF7_Phase_H4_1_01d00h00m_3.tif,63.706122735969984,171,45.71413647556568,107.29387726403002,0.017543859649122806,0.017543859649122806,0.017543859649122806
livecell/images/livecell_test_images/MCF7_Phase_H4_2_00d20h00m_3.tif,96.175500735073,136,17.152756918297456,39.824499264927,0.03676470588235294,0.03676470588235294,0.03676470588235294
livecell/images/livecell_test_images/MCF7_Phase_H4_1_00d08h00m_1.tif,63.2208201969479,95,20.085333752849,31.779179803052102,0.031578947368421054,0.031578947368421054,0.031578947368421054
livecell/images/livecell_test_images/MCF7_Phase_H4_1_02d16h00m_4.tif,354.5367908361659,892,43.11651393805301,537.4632091638341,0.002242152466367713,0.002242152466367713,0.002242152466367713
livecell/images/livecell_test_images/MCF7_Phase_H4_2_03d12h00m_3.tif,640.8019086011918,979,20.878978448103265,338.1980913988082,0.006128702757916241,0.006128702757916241,0.00612870275791624
livecell/images/livecell_test_images/MCF7_Phase_H4_2_00d04h00m_2.tif,137.19350491794467,157,6.732471910819271,19.806495082055335,0.07006369426751592,0.07006369426751592,0.07006369426751592
livecell/images/livecell_test_images/MCF7_Phase_H4_1_02d12h00m_2.tif,194.13149269980204,692,56.1844953488029,497.86850730019796,0.002890173410404624,0.002890173410404624,0.002890173410404624
livecell/images/livecell_test_images/MCF7_Phase_H4_1_01d08h00m_1.tif,60.12093065020963,233,58.97875288752149,172.87906934979037,0.012875536480686695,0.012875536480686695,0.012875536480686695
livecell/images/livecell_test_images/MCF7_Phase_H4_2_03d08h00m_4.tif,876.8788825031952,1176,14.570811753495605,299.1211174968048,0.004251700680272109,0.004251700680272109,0.004251700680272109
livecell/images/livecell_test_images/MCF7_Phase_H4_1_02d04h00m_3.tif,158.66104676072428,417,44.87692100984823,258.3389532392757,0.002398081534772182,0.002398081534772182,0.002398081534772182
livecell/images/livecell_test_images/MCF7_Phase_H4_1_03d12h00m_1.tif,398.32376555982046,739,29.954199917073726,340.67623444017954,0.0027063599458728013,0.0027063599458728013,0.0027063599458728013
livecell/images/livecell_test_images/MCF7_Phase_H4_1_00d04h00m_1.tif,60.522368200185156,84,16.244981377066008,23.477631799814844,0.05952380952380952,0.05952380952380952,0.05952380952380952
livecell/images/livecell_test_images/MCF7_Phase_H4_2_03d16h00m_2.tif,981.0665849969373,1305,14.169902885986879,323.9334150030627,0.0030651340996168583,0.0030651340996168583,0.0030651340996168583
livecell/images/livecell_test_images/MCF7_Phase_H4_2_01d16h00m_4.tif,188.12050306375022,437,39.81304335987662,248.87949693624978,0.002288329519450801,0.002288329519450801,0.002288329519450801
livecell/images/livecell_test_images/MCF7_Phase_H4_2_02d00h00m_2.tif,310.655504744238,601,31.848049372248045,290.344495255762,0.011647254575707155,0.011647254575707155,0.011647254575707155
livecell/images/livecell_test_images/MCF7_Phase_H4_1_01d04h00m_3.tif,68.08600304909123,194,48.04300706105387,125.91399695090877,0.020618556701030927,0.020618556701030927,0.020618556701030927
livecell/images/livecell_test_images/MCF7_Phase_H4_1_01d08h00m_4.tif,119.45195532982325,351,49.218212837024694,231.54804467017675,0.005698005698005698,0.005698005698005698,0.005698005698005697
livecell/images/livecell_test_images/MCF7_Phase_H4_2_03d00h00m_1.tif,561.7324086923618,675,9.15861754018396,113.26759130763821,0.002962962962962963,0.002962962962962963,0.0029629629629629632
livecell/images/livecell_test_images/MCF7_Phase_H4_1_01d12h00m_4.tif,138.4593726710009,397,48.283892396791174,258.5406273289991,0.010075566750629723,0.010075566750629723,0.010075566750629723
livecell/images/livecell_test_images/Huh7_Phase_A12_1_03d16h00m_2.tif,57.86041491353899,57,0.7490961217462647,0.8604149135389889,0.017543859649122806,0.017543859649122806,0.017543859649122806
livecell/images/livecell_test_images/BV2_Phase_A4_2_00d16h00m_2.tif,35.5002736203769,97,46.41479198437308,61.4997263796231,0.061855670103092786,0.061855670103092786,0.061855670103092786
livecell/images/livecell_test_images/BV2_Phase_A4_1_01d20h00m_3.tif,323.73558245622553,504,21.7780196193641,180.26441754377447,0.011904761904761904,0.011904761904761904,0.011904761904761904
livecell/images/livecell_test_images/BV2_Phase_A4_1_01d12h00m_2.tif,162.89479183685035,354,36.9717805598376,191.10520816314965,0.01977401129943503,0.01977401129943503,0.01977401129943503
livecell/images/livecell_test_images/BV2_Phase_A4_2_02d08h00m_4.tif,530.563712398085,861,23.745681542131717,330.43628760191496,0.009291521486643438,0.009291521486643438,0.009291521486643438
livecell/images/livecell_test_images/BV2_Phase_A4_2_00d12h00m_2.tif,34.08934992864124,106,51.331989268269595,71.91065007135876,0.02830188679245283,0.02830188679245283,0.02830188679245283
livecell/images/livecell_test_images/BV2_Phase_A4_1_02d08h00m_3.tif,510.7881242239382,723,17.200025807473597,212.2118757760618,0.011065006915629323,0.011065006915629323,0.011065006915629325
livecell/images/livecell_test_images/Huh7_Phase_A12_1_03d20h00m_4.tif,57.405538934759534,57,0.3544749131340527,0.40553893475953373,0.0,0.0,0.0
livecell/images/livecell_test_images/Huh7_Phase_A12_1_03d20h00m_3.tif,59.09938356914063,42,16.913439988925916,17.099383569140628,0.07142857142857142,0.07142857142857142,0.07142857142857142
livecell/images/livecell_test_images/BV2_Phase_A4_1_00d08h00m_2.tif,28.67015579246072,102,56.118280232256524,73.32984420753928,0.058823529411764705,0.058823529411764705,0.058823529411764705
livecell/images/livecell_test_images/Huh7_Phase_A12_1_04d00h00m_4.tif,64.0461543541278,64,0.03604509199092981,0.04615435412779334,0.0,0.0,0.0
livecell/images/livecell_test_images/BV2_Phase_A4_1_02d04h00m_3.tif,489.73847264936194,1424,48.81866256559367,934.2615273506381,0.006320224719101123,0.006320224719101123,0.0063202247191011226
livecell/images/livecell_test_images/BV2_Phase_A4_1_02d12h00m_3.tif,658.0659783693845,1052,23.036188463689985,393.93402163061546,0.006653992395437262,0.006653992395437262,0.006653992395437262
livecell/images/livecell_test_images/BV2_Phase_A4_1_01d20h00m_4.tif,452.70874776144046,742,24.214374656635997,289.29125223855954,0.009433962264150943,0.009433962264150943,0.009433962264150943
livecell/images/livecell_test_images/BV2_Phase_A4_2_01d04h00m_1.tif,114.83914840051148,307,45.55311007243052,192.16085159948852,0.013029315960912053,0.013029315960912053,0.013029315960912053
livecell/images/livecell_test_images/BV2_Phase_A4_2_03d00h00m_2.tif,638.5065657505766,796,10.978927389364593,157.49343424942344,0.01256281407035176,0.01256281407035176,0.01256281407035176
livecell/images/livecell_test_images/Huh7_Phase_A12_1_03d16h00m_4.tif,68.54997409050702,56,10.076255882146794,12.549974090507021,0.017857142857142856,0.017857142857142856,0.017857142857142856
livecell/images/livecell_test_images/BV2_Phase_A4_2_02d00h00m_2.tif,351.2797668618732,589,25.281862007038995,237.7202331381268,0.01697792869269949,0.01697792869269949,0.01697792869269949
livecell/images/livecell_test_images/BV2_Phase_A4_1_02d04h00m_1.tif,571.3332849231083,1648,48.51307022659259,1076.6667150768917,0.006674757281553398,0.006674757281553398,0.006674757281553398
livecell/images/livecell_test_images/BV2_Phase_A4_1_01d16h00m_4.tif,344.11020751995966,637,29.852894224839854,292.88979248004034,0.015698587127158554,0.015698587127158554,0.015698587127158554
livecell/images/livecell_test_images/BV2_Phase_A4_1_01d08h00m_4.tif,194.70936481266108,401,34.62940946919868,206.29063518733892,0.03740648379052369,0.03740648379052369,0.03740648379052369
livecell/images/livecell_test_images/BV2_Phase_A4_2_00d20h00m_4.tif,50.916187613082,147,48.547727978045884,96.083812386918,0.04081632653061224,0.04081632653061224,0.04081632653061224
livecell/images/livecell_test_images/BV2_Phase_A4_2_00d00h00m_3.tif,30.943307216730318,75,41.5851590258005,44.05669278326968,0.09333333333333334,0.09333333333333334,0.09333333333333334
livecell/images/livecell_test_images/BV2_Phase_A4_1_00d16h00m_2.tif,47.629412736841914,137,48.405389985473654,89.37058726315809,0.051094890510948905,0.051094890510948905,0.05109489051094891
livecell/images/livecell_test_images/BV2_Phase_A4_1_02d00h00m_4.tif,585.7777010035934,1776,50.39518742558386,1190.2222989964066,0.002815315315315315,0.002815315315315315,0.002815315315315315
livecell/images/livecell_test_images/BV2_Phase_A4_1_00d00h00m_4.tif,39.036912637799105,106,46.169686147021004,66.9630873622009,0.09433962264150944,0.09433962264150944,0.09433962264150943
livecell/images/livecell_test_images/BV2_Phase_A4_1_01d04h00m_4.tif,137.34253583334794,306,38.04224736740583,168.65746416665206,0.0196078431372549,0.0196078431372549,0.0196078431372549
livecell/images/livecell_test_images/BV2_Phase_A4_2_01d20h00m_4.tif,267.3675343833456,470,27.480524455977605,202.63246561665437,0.029787234042553193,0.029787234042553193,0.029787234042553193
livecell/images/livecell_test_images/BV2_Phase_A4_1_01d04h00m_2.tif,93.36490262347797,252,45.932605244913496,158.63509737652203,0.031746031746031744,0.031746031746031744,0.031746031746031744
livecell/images/livecell_test_images/BV2_Phase_A4_1_01d12h00m_1.tif,135.62543363648,390,48.3946457087623,254.37456636352,0.017948717948717947,0.017948717948717947,0.017948717948717947
livecell/images/livecell_test_images/BV2_Phase_A4_2_01d12h00m_2.tif,124.69996880447434,265,36.002063748154654,140.30003119552566,0.022641509433962263,0.022641509433962263,0.022641509433962263
livecell/images/livecell_test_images/BV2_Phase_A4_2_00d04h00m_4.tif,28.620304056230452,57,33.14598827531775,28.379695943769548,0.15789473684210525,0.15789473684210525,0.15789473684210525
livecell/images/livecell_test_images/Huh7_Phase_A12_1_03d20h00m_1.tif,84.03769432664558,117,16.39608222913527,32.96230567335442,0.008547008547008548,0.008547008547008548,0.008547008547008548
livecell/images/livecell_test_images/BV2_Phase_A4_1_02d20h00m_3.tif,738.3100356388022,1213,24.326732076986325,474.6899643611978,0.009068425391591096,0.009068425391591096,0.009068425391591096
livecell/images/livecell_test_images/BV2_Phase_A4_1_02d12h00m_4.tif,794.0843116919277,1131,17.501347149411973,336.9156883080723,0.011494252873563218,0.011494252873563218,0.011494252873563218
livecell/images/livecell_test_images/BV2_Phase_A4_1_00d08h00m_1.tif,27.19871900308317,105,58.85176617717629,77.80128099691683,0.009523809523809525,0.009523809523809525,0.009523809523809525
livecell/images/livecell_test_images/BV2_Phase_A4_1_00d16h00m_3.tif,42.76492747995144,148,55.164790462391636,105.23507252004856,0.02702702702702703,0.02702702702702703,0.02702702702702703
livecell/images/livecell_test_images/BV2_Phase_A4_2_02d08h00m_3.tif,646.0418580502155,1118,26.754361853490078,471.9581419497845,0.008944543828264758,0.008944543828264758,0.008944543828264758
livecell/images/livecell_test_images/BV2_Phase_A4_1_01d00h00m_3.tif,71.42446578491581,211,49.42048268629101,139.5755342150842,0.014218009478672985,0.014218009478672985,0.014218009478672985
livecell/images/livecell_test_images/BV2_Phase_A4_1_02d20h00m_1.tif,892.629407491826,1061,8.618348590705194,168.370592508174,0.010367577756833177,0.010367577756833177,0.010367577756833177
livecell/images/livecell_test_images/BV2_Phase_A4_2_01d20h00m_1.tif,462.3524800326268,797,26.572982963332343,334.6475199673732,0.011292346298619825,0.011292346298619825,0.011292346298619825
livecell/images/livecell_test_images/BV2_Phase_A4_1_00d20h00m_3.tif,53.409735263339826,162,50.411029289789454,108.59026473666017,0.012345679012345678,0.012345679012345678,0.012345679012345678
livecell/images/livecell_test_images/BV2_Phase_A4_2_03d00h00m_4.tif,685.7820783246425,858,11.155584981414828,172.2179216753575,0.01048951048951049,0.01048951048951049,0.01048951048951049
livecell/images/livecell_test_images/BV2_Phase_A4_2_00d04h00m_2.tif,25.886992040086625,69,45.43616256873182,43.113007959913375,0.057971014492753624,0.057971014492753624,0.057971014492753624
livecell/images/livecell_test_images/Huh7_Phase_A12_1_03d12h00m_1.tif,69.3732417862775,72,1.8580306856749638,2.6267582137224963,0.0,0.0,0.0
livecell/images/livecell_test_images/BV2_Phase_A4_2_02d20h00m_3.tif,904.6902415032964,1805,33.22556005505725,900.3097584967036,0.00775623268698061,0.00775623268698061,0.00775623268698061
livecell/images/livecell_test_images/BV2_Phase_A4_1_00d04h00m_4.tif,54.836133284992684,121,37.628140177405896,66.16386671500732,0.06611570247933884,0.06611570247933884,0.06611570247933884
livecell/images/livecell_test_images/Huh7_Phase_A12_1_03d12h00m_2.tif,55.37475140585593,55,0.3395263872241432,0.3747514058559318,0.01818181818181818,0.01818181818181818,0.01818181818181818
livecell/images/livecell_test_images/BV2_Phase_A4_1_00d16h00m_4.tif,62.03912016295362,173,47.20953676141943,110.96087983704638,0.028901734104046242,0.028901734104046242,0.028901734104046242
livecell/images/livecell_test_images/BV2_Phase_A4_2_01d00h00m_3.tif,75.49696106023475,188,42.69614286521025,112.50303893976525,0.03723404255319149,0.03723404255319149,0.03723404255319149
livecell/images/livecell_test_images/BV2_Phase_A4_1_03d00h00m_2.tif,685.5118150065537,1700,42.52706604140878,1014.4881849934463,0.0058823529411764705,0.0058823529411764705,0.00588235294117647
livecell/images/livecell_test_images/BV2_Phase_A4_1_02d20h00m_4.tif,787.6823001733865,1547,32.52338443522797,759.3176998266135,0.003232062055591467,0.003232062055591467,0.003232062055591467
livecell/images/livecell_test_images/BV2_Phase_A4_1_00d00h00m_1.tif,27.47379967706911,80,48.87349333582557,52.52620032293089,0.025,0.025,0.025000000000000005
livecell/images/livecell_test_images/BV2_Phase_A4_2_01d16h00m_3.tif,238.92793601565063,378,22.54267571063945,139.07206398434937,0.023809523809523808,0.023809523809523808,0.023809523809523808
livecell/images/livecell_test_images/BV2_Phase_A4_1_02d16h00m_2.tif,819.951810551458,1874,39.12646786479733,1054.048189448542,0.003735325506937033,0.003735325506937033,0.003735325506937033
livecell/images/livecell_test_images/BV2_Phase_A4_1_02d08h00m_2.tif,666.7046469894703,993,19.659844515251258,326.29535301052965,0.00906344410876133,0.00906344410876133,0.00906344410876133
livecell/images/livecell_test_images/BV2_Phase_A4_2_02d16h00m_1.tif,982.1893360383692,1735,27.70549162610877,752.8106639616308,0.004610951008645533,0.004610951008645533,0.004610951008645533
livecell/images/livecell_test_images/BV2_Phase_A4_2_01d16h00m_4.tif,208.43231823037786,296,17.35964937314531,87.56768176962214,0.02702702702702703,0.02702702702702703,0.02702702702702703
livecell/images/livecell_test_images/BV2_Phase_A4_1_00d16h00m_1.tif,46.578211276439106,149,52.3687112460566,102.4217887235609,0.013422818791946308,0.013422818791946308,0.013422818791946308
livecell/images/livecell_test_images/BV2_Phase_A4_2_03d00h00m_3.tif,703.2389827252482,1599,38.90825513754464,895.7610172747518,0.0050031269543464665,0.0050031269543464665,0.0050031269543464665
livecell/images/livecell_test_images/BV2_Phase_A4_2_02d00h00m_3.tif,385.4511939175136,598,21.61254238106236,212.5488060824864,0.015050167224080268,0.015050167224080268,0.015050167224080268
livecell/images/livecell_test_images/BV2_Phase_A4_2_00d08h00m_3.tif,30.27175113258636,90,49.66107860321234,59.72824886741364,0.044444444444444446,0.044444444444444446,0.044444444444444446
livecell/images/livecell_test_images/BV2_Phase_A4_1_01d16h00m_3.tif,233.0244199224544,450,31.766884718730765,216.9755800775456,0.011111111111111112,0.011111111111111112,0.011111111111111112
livecell/images/livecell_test_images/BV2_Phase_A4_1_00d04h00m_2.tif,39.35097089811461,90,39.15628058314299,50.64902910188539,0.12222222222222222,0.12222222222222222,0.12222222222222222
livecell/images/livecell_test_images/BV2_Phase_A4_1_00d12h00m_1.tif,40.789228039066074,135,53.593028999477276,94.21077196093393,0.014814814814814815,0.014814814814814815,0.014814814814814815
livecell/images/livecell_test_images/BV2_Phase_A4_2_00d08h00m_2.tif,23.9875125585113,68,47.84615456744012,44.0124874414887,0.04411764705882353,0.04411764705882353,0.04411764705882353
livecell/images/livecell_test_images/BV2_Phase_A4_1_00d04h00m_1.tif,44.629200338215014,107,41.13376547700866,62.370799661784986,0.09345794392523364,0.09345794392523364,0.09345794392523364
livecell/images/livecell_test_images/BV2_Phase_A4_2_00d04h00m_3.tif,29.819459327416553,70,40.253214096048914,40.18054067258345,0.18571428571428572,0.18571428571428572,0.18571428571428572
livecell/images/livecell_test_images/BV2_Phase_A4_2_00d00h00m_4.tif,21.918767511808255,53,41.486577423064126,31.081232488191745,0.09433962264150944,0.09433962264150944,0.09433962264150943
livecell/images/livecell_test_images/BV2_Phase_A4_1_02d04h00m_2.tif,554.8623151465436,1758,52.0194253230861,1203.1376848534564,0.006825938566552901,0.006825938566552901,0.006825938566552902
livecell/images/livecell_test_images/BV2_Phase_A4_2_01d12h00m_4.tif,162.62587983535195,333,34.375549602302186,170.37412016464805,0.02702702702702703,0.02702702702702703,0.02702702702702703
livecell/images/livecell_test_images/BV2_Phase_A4_1_02d12h00m_2.tif,779.1329237456666,1252,23.280951764708067,472.86707625433337,0.005591054313099041,0.005591054313099041,0.005591054313099041
livecell/images/livecell_test_images/BV2_Phase_A4_2_01d08h00m_3.tif,109.10975910225534,270,42.43896049490738,160.89024089774466,0.003703703703703704,0.003703703703703704,0.003703703703703704
livecell/images/livecell_test_images/BV2_Phase_A4_1_02d16h00m_3.tif,702.2085424015531,1377,32.45424611516077,674.7914575984469,0.005083514887436456,0.005083514887436456,0.005083514887436456
livecell/images/livecell_test_images/BV2_Phase_A4_1_00d08h00m_3.tif,34.64071342189163,123,56.05105728089015,88.35928657810837,0.032520325203252036,0.032520325203252036,0.032520325203252036
livecell/images/livecell_test_images/BV2_Phase_A4_2_01d16h00m_2.tif,213.8853545111051,368,26.485396873131588,154.1146454888949,0.024456521739130436,0.024456521739130436,0.024456521739130436
livecell/images/livecell_test_images/BV2_Phase_A4_1_00d20h00m_2.tif,55.6034924505293,152,46.43298935466677,96.3965075494707,0.013157894736842105,0.013157894736842105,0.013157894736842105
livecell/images/livecell_test_images/BV2_Phase_A4_2_02d20h00m_4.tif,768.9625991937937,1242,23.52293379279404,473.0374008062063,0.008856682769726247,0.008856682769726247,0.008856682769726247
livecell/images/livecell_test_images/BV2_Phase_A4_2_00d20h00m_3.tif,52.54563850201521,137,44.556214622203974,84.45436149798479,0.051094890510948905,0.051094890510948905,0.05109489051094891
livecell/images/livecell_test_images/BV2_Phase_A4_1_01d00h00m_1.tif,83.07593422992068,225,46.067884570353925,141.92406577007932,0.02666666666666667,0.02666666666666667,0.026666666666666672
livecell/images/livecell_test_images/BV2_Phase_A4_2_02d08h00m_1.tif,843.3894666857086,930,4.883898034883336,86.61053331429139,0.007526881720430108,0.007526881720430108,0.007526881720430108
livecell/images/livecell_test_images/BV2_Phase_A4_1_02d08h00m_4.tif,779.9481361905928,1022,13.43278748971748,242.05186380940722,0.005870841487279843,0.005870841487279843,0.005870841487279842
livecell/images/livecell_test_images/BV2_Phase_A4_1_01d08h00m_1.tif,126.6802618442889,317,42.89569641087718,190.3197381557111,0.015772870662460567,0.015772870662460567,0.015772870662460567
livecell/images/livecell_test_images/BV2_Phase_A4_2_01d08h00m_4.tif,108.11242603502615,273,43.2648118247973,164.88757396497385,0.029304029304029304,0.029304029304029304,0.029304029304029304
livecell/images/livecell_test_images/BV2_Phase_A4_2_01d16h00m_1.tif,337.5171514247486,536,22.72226117730102,198.4828485752514,0.011194029850746268,0.011194029850746268,0.01119402985074627
livecell/images/livecell_test_images/BV2_Phase_A4_1_03d00h00m_3.tif,696.7240221992251,1243,28.16256186699264,546.2759778007749,0.0056315366049879325,0.0056315366049879325,0.0056315366049879325
livecell/images/livecell_test_images/BV2_Phase_A4_1_01d12h00m_3.tif,157.71238741510024,343,37.004799010752805,185.28761258489976,0.03206997084548105,0.03206997084548105,0.03206997084548105
livecell/images/livecell_test_images/BV2_Phase_A4_1_02d08h00m_1.tif,683.0021568546072,1494,37.25296461429073,810.9978431453928,0.002677376171352075,0.002677376171352075,0.002677376171352075
livecell/images/livecell_test_images/BV2_Phase_A4_1_01d00h00m_2.tif,76.7035902528878,214,47.22900382058433,137.2964097471122,0.037383177570093455,0.037383177570093455,0.037383177570093455
livecell/images/livecell_test_images/BV2_Phase_A4_2_02d04h00m_4.tif,521.2260796589835,1013,32.053549790414486,491.7739203410165,0.008884501480750246,0.008884501480750246,0.008884501480750246
livecell/images/livecell_test_images/BV2_Phase_A4_1_00d00h00m_2.tif,34.53370494253795,90,44.53918325408786,55.46629505746205,0.05555555555555555,0.05555555555555555,0.05555555555555555
livecell/images/livecell_test_images/BV2_Phase_A4_2_00d16h00m_4.tif,47.89942158622216,118,42.25486607700123,70.10057841377784,0.0423728813559322,0.0423728813559322,0.0423728813559322
livecell/images/livecell_test_images/BV2_Phase_A4_1_02d00h00m_1.tif,451.29200638853945,758,25.36260820307753,306.70799361146055,0.011873350923482849,0.011873350923482849,0.011873350923482849
livecell/images/livecell_test_images/BV2_Phase_A4_2_02d12h00m_4.tif,570.6794582881266,1123,32.6106890538855,552.3205417118734,0.008904719501335707,0.008904719501335707,0.008904719501335707
livecell/images/livecell_test_images/BV2_Phase_A4_1_01d00h00m_4.tif,106.03582097640174,267,43.14979151393101,160.96417902359826,0.018726591760299626,0.018726591760299626,0.018726591760299626
livecell/images/livecell_test_images/Huh7_Phase_A12_1_04d00h00m_2.tif,61.99842710653684,61,0.811739735234204,0.9984271065368375,0.01639344262295082,0.01639344262295082,0.01639344262295082
livecell/images/livecell_test_images/BV2_Phase_A4_2_01d20h00m_2.tif,275.32929868901556,492,28.236990517782523,216.67070131098444,0.036585365853658534,0.036585365853658534,0.036585365853658534
livecell/images/livecell_test_images/BV2_Phase_A4_1_01d20h00m_1.tif,379.0874755522236,710,30.384384347087146,330.9125244477764,0.004225352112676056,0.004225352112676056,0.004225352112676056
livecell/images/livecell_test_images/BV2_Phase_A4_2_02d20h00m_1.tif,982.0258442804916,1586,23.51900612934562,603.9741557195084,0.006305170239596469,0.006305170239596469,0.00630517023959647
livecell/images/livecell_test_images/BV2_Phase_A4_2_00d00h00m_1.tif,27.394462476078843,2,86.39199473963781,25.394462476078843,0.0,0.0,0.0
livecell/images/livecell_test_images/BV2_Phase_A4_2_02d04h00m_1.tif,655.5541440712404,1385,35.74743939278158,729.4458559287596,0.005054151624548736,0.005054151624548736,0.005054151624548736
livecell/images/livecell_test_images/BV2_Phase_A4_2_02d16h00m_2.tif,682.9295718491776,1044,20.908231235173773,361.0704281508224,0.013409961685823755,0.013409961685823755,0.013409961685823755
livecell/images/livecell_test_images/BV2_Phase_A4_2_02d12h00m_1.tif,877.7411979835597,1579,28.54426842322742,701.2588020164403,0.004433185560481318,0.004433185560481318,0.004433185560481318
livecell/images/livecell_test_images/BV2_Phase_A4_1_02d00h00m_3.tif,420.1056903298886,627,19.758684493914817,206.8943096701114,0.004784688995215311,0.004784688995215311,0.004784688995215311
livecell/images/livecell_test_images/Huh7_Phase_A12_1_03d12h00m_4.tif,55.98746818222571,50,5.649222766536299,5.987468182225712,0.02,0.02,0.02
livecell/images/livecell_test_images/BV2_Phase_A4_2_02d12h00m_2.tif,613.271623451903,1119,29.194519479591225,505.728376548097,0.012511170688114389,0.012511170688114389,0.012511170688114389
livecell/images/livecell_test_images/BV2_Phase_A4_2_01d12h00m_3.tif,151.16776812235184,331,37.29660997000012,179.83223187764816,0.021148036253776436,0.021148036253776436,0.021148036253776436
livecell/images/livecell_test_images/BV2_Phase_A4_2_02d00h00m_4.tif,327.1700325438869,546,25.06155265298965,218.82996745611308,0.018315018315018316,0.018315018315018316,0.018315018315018316
livecell/images/livecell_test_images/BV2_Phase_A4_2_00d08h00m_1.tif,38.18093255080021,120,51.72498741143999,81.81906744919979,0.05,0.05,0.05000000000000001
livecell/images/livecell_test_images/Huh7_Phase_A12_1_03d12h00m_3.tif,58.56988244787135,35,25.1896035682233,23.56988244787135,0.14285714285714285,0.14285714285714285,0.14285714285714285
livecell/images/livecell_test_images/BV2_Phase_A4_1_00d12h00m_2.tif,34.7309730340894,112,52.6603384194549,77.2690269659106,0.044642857142857144,0.044642857142857144,0.044642857142857144
livecell/images/livecell_test_images/BV2_Phase_A4_2_00d08h00m_4.tif,22.59659756583642,70,51.193460321757115,47.40340243416358,0.02857142857142857,0.02857142857142857,0.02857142857142857
livecell/images/livecell_test_images/Huh7_Phase_A12_1_04d00h00m_1.tif,94.32440760095778,113,9.00790824155522,18.675592399042216,0.008849557522123894,0.008849557522123894,0.008849557522123894
livecell/images/livecell_test_images/BV2_Phase_A4_2_02d20h00m_2.tif,682.3342203684733,1331,32.21848479348899,648.6657796315267,0.009015777610818933,0.009015777610818933,0.009015777610818933
livecell/images/livecell_test_images/BV2_Phase_A4_2_01d12h00m_1.tif,242.93278210100834,466,31.465214126211638,223.06721789899166,0.019313304721030045,0.019313304721030045,0.019313304721030045
livecell/images/livecell_test_images/BV2_Phase_A4_2_01d04h00m_2.tif,73.28617201913585,179,41.90234729664287,105.71382798086415,0.05027932960893855,0.05027932960893855,0.05027932960893855
livecell/images/livecell_test_images/BV2_Phase_A4_2_01d04h00m_3.tif,92.6265485033291,212,39.18681811653272,119.3734514966709,0.02358490566037736,0.02358490566037736,0.023584905660377357
livecell/images/livecell_test_images/BV2_Phase_A4_2_01d00h00m_1.tif,106.0331095684378,265,42.84439483486054,158.9668904315622,0.018867924528301886,0.018867924528301886,0.018867924528301886
livecell/images/livecell_test_images/BV2_Phase_A4_1_00d20h00m_4.tif,73.08528652327004,190,44.43985257472344,116.91471347672996,0.010526315789473684,0.010526315789473684,0.010526315789473684
livecell/images/livecell_test_images/BV2_Phase_A4_1_01d04h00m_3.tif,86.49068492962397,240,47.0179769764229,153.50931507037603,0.008333333333333333,0.008333333333333333,0.008333333333333333
livecell/images/livecell_test_images/BV2_Phase_A4_2_02d12h00m_3.tif,744.0526046612067,1501,33.71624316362162,756.9473953387933,0.006662225183211193,0.006662225183211193,0.006662225183211193
livecell/images/livecell_test_images/BV2_Phase_A4_2_00d12h00m_4.tif,39.10242955547801,99,43.37184409957114,59.89757044452199,0.050505050505050504,0.050505050505050504,0.050505050505050504
livecell/images/livecell_test_images/BV2_Phase_A4_1_03d00h00m_4.tif,732.500778265181,1430,32.25428766293312,697.499221734819,0.0034965034965034965,0.0034965034965034965,0.0034965034965034965
livecell/images/livecell_test_images/BV2_Phase_A4_1_01d08h00m_2.tif,135.1301234573839,302,38.173959557578826,166.8698765426161,0.026490066225165563,0.026490066225165563,0.026490066225165563
livecell/images/livecell_test_images/Huh7_Phase_A12_1_03d16h00m_1.tif,85.02415543766983,111,13.251348796444503,25.975844562330167,0.018018018018018018,0.018018018018018018,0.018018018018018018
livecell/images/livecell_test_images/BV2_Phase_A4_2_02d04h00m_2.tif,481.8722306320269,984,34.254538620427724,502.1277693679731,0.006097560975609756,0.006097560975609756,0.006097560975609756
livecell/images/livecell_test_images/BV2_Phase_A4_2_00d20h00m_1.tif,72.7046188847853,185,43.575230277661326,112.2953811152147,0.02702702702702703,0.02702702702702703,0.02702702702702703
livecell/images/livecell_test_images/BV2_Phase_A4_1_00d12h00m_3.tif,40.52574762827862,132,53.020638153564434,91.47425237172138,0.022727272727272728,0.022727272727272728,0.022727272727272728
livecell/images/livecell_test_images/BV2_Phase_A4_2_00d16h00m_1.tif,60.205379162329336,165,46.53291197015951,104.79462083767066,0.006060606060606061,0.006060606060606061,0.006060606060606061
livecell/images/livecell_test_images/BV2_Phase_A4_1_01d12h00m_4.tif,285.3660710427939,480,25.430174699542373,194.63392895720608,0.020833333333333332,0.020833333333333332,0.020833333333333332
livecell/images/livecell_test_images/Huh7_Phase_A12_1_04d00h00m_3.tif,72.02379224234392,50,18.048768881566822,22.023792242343916,0.04,0.04,0.04
livecell/images/livecell_test_images/BV2_Phase_A4_1_02d04h00m_4.tif,601.6366121125175,1621,45.86280016860799,1019.3633878874825,0.009253547193090685,0.009253547193090685,0.009253547193090685
livecell/images/livecell_test_images/BV2_Phase_A4_2_00d12h00m_3.tif,41.28396785726363,117,47.83556614591259,75.71603214273637,0.05128205128205128,0.05128205128205128,0.05128205128205128
livecell/images/livecell_test_images/Huh7_Phase_A12_1_03d16h00m_3.tif,64.17761376646376,49,13.410438037492112,15.177613766463764,0.02040816326530612,0.02040816326530612,0.02040816326530612
livecell/images/livecell_test_images/BV2_Phase_A4_1_01d16h00m_2.tif,254.76489261737152,484,31.029507448637823,229.23510738262848,0.02066115702479339,0.02066115702479339,0.02066115702479339
livecell/images/livecell_test_images/BV2_Phase_A4_2_00d16h00m_3.tif,50.32912830236455,134,45.3921051264268,83.67087169763545,0.04477611940298507,0.04477611940298507,0.04477611940298508
livecell/images/livecell_test_images/BV2_Phase_A4_1_01d20h00m_2.tif,360.22920319862897,568,22.38356605086371,207.77079680137103,0.01056338028169014,0.01056338028169014,0.01056338028169014
livecell/images/livecell_test_images/BV2_Phase_A4_2_03d00h00m_1.tif,722.2665030944045,1030,17.562025888308394,307.73349690559553,0.009708737864077669,0.009708737864077669,0.009708737864077669
livecell/images/livecell_test_images/BV2_Phase_A4_2_01d20h00m_3.tif,318.13502452278044,555,27.12810376684639,236.86497547721956,0.014414414414414415,0.014414414414414415,0.014414414414414415
livecell/images/livecell_test_images/BV2_Phase_A4_2_00d20h00m_2.tif,43.48968068636532,125,48.377039461165495,81.51031931363468,0.04,0.04,0.04
livecell/images/livecell_test_images/BV2_Phase_A4_2_01d08h00m_2.tif,90.50725412514294,240,45.23130551871436,149.49274587485706,0.0125,0.0125,0.012500000000000002
livecell/images/livecell_test_images/BV2_Phase_A4_1_02d12h00m_1.tif,733.8492869250476,1043,17.398814595578763,309.15071307495236,0.0028763183125599234,0.0028763183125599234,0.002876318312559923
livecell/images/livecell_test_images/BV2_Phase_A4_2_02d16h00m_4.tif,666.9982161313528,1128,25.68257615666134,461.0017838686472,0.010638297872340425,0.010638297872340425,0.010638297872340425
livecell/images/livecell_test_images/BV2_Phase_A4_1_01d08h00m_3.tif,107.57026728920027,299,47.08404625531373,191.42973271079973,0.020066889632107024,0.020066889632107024,0.020066889632107024
livecell/images/livecell_test_images/BV2_Phase_A4_1_03d00h00m_1.tif,748.9315244362224,1260,25.439815610798462,511.0684755637776,0.009523809523809525,0.009523809523809525,0.009523809523809525
livecell/images/livecell_test_images/BV2_Phase_A4_1_01d04h00m_1.tif,89.47565553008462,259,48.647399547048124,169.52434446991538,0.007722007722007722,0.007722007722007722,0.007722007722007722
livecell/images/livecell_test_images/BV2_Phase_A4_2_01d00h00m_2.tif,55.417164319751464,159,48.309022278542834,103.58283568024854,0.031446540880503145,0.031446540880503145,0.031446540880503145
livecell/images/livecell_test_images/BV2_Phase_A4_2_01d00h00m_4.tif,71.71962754992273,187,44.55803123318608,115.28037245007727,0.0374331550802139,0.0374331550802139,0.0374331550802139
livecell/images/livecell_test_images/BV2_Phase_A4_1_01d16h00m_1.tif,230.06094754047808,479,35.10827289572463,248.93905245952192,0.012526096033402923,0.012526096033402923,0.012526096033402923
livecell/images/livecell_test_images/Huh7_Phase_A12_1_03d20h00m_2.tif,51.431026071866654,56,4.252937065943038,4.568973928133346,0.017857142857142856,0.017857142857142856,0.017857142857142856
livecell/images/livecell_test_images/BV2_Phase_A4_2_02d08h00m_2.tif,513.8098085167003,810,22.374074400851757,296.1901914832997,0.01728395061728395,0.01728395061728395,0.01728395061728395
livecell/images/livecell_test_images/BV2_Phase_A4_2_00d04h00m_1.tif,42.32291094573884,102,41.349698854603886,59.67708905426116,0.08823529411764706,0.08823529411764706,0.08823529411764706
livecell/images/livecell_test_images/BV2_Phase_A4_1_02d20h00m_2.tif,893.9001364746946,1750,32.38018908939602,856.0998635253054,0.0017142857142857142,0.0017142857142857142,0.0017142857142857142
livecell/images/livecell_test_images/BV2_Phase_A4_1_00d12h00m_4.tif,48.52356751752086,153,51.843282534880565,104.47643248247914,0.026143790849673203,0.026143790849673203,0.026143790849673203
livecell/images/livecell_test_images/BV2_Phase_A4_1_02d00h00m_2.tif,420.5205620727211,776,29.709429925005658,355.4794379272789,0.015463917525773196,0.015463917525773196,0.015463917525773196
livecell/images/livecell_test_images/BV2_Phase_A4_1_00d08h00m_4.tif,47.92043280424696,130,46.132738045921506,82.07956719575304,0.03076923076923077,0.03076923076923077,0.03076923076923077
livecell/images/livecell_test_images/BV2_Phase_A4_2_01d04h00m_4.tif,85.87062365983729,211,42.14946389695313,125.12937634016271,0.037914691943127965,0.037914691943127965,0.037914691943127965
livecell/images/livecell_test_images/BV2_Phase_A4_1_00d20h00m_1.tif,55.93541178175292,166,49.59307184672382,110.06458821824708,0.012048192771084338,0.012048192771084338,0.012048192771084338
livecell/images/livecell_test_images/BV2_Phase_A4_2_02d00h00m_1.tif,610.7816910122638,885,18.332776142095987,274.21830898773624,0.00903954802259887,0.00903954802259887,0.00903954802259887
livecell/images/livecell_test_images/BV2_Phase_A4_2_01d08h00m_1.tif,153.48174861217558,413,45.812288219985646,259.5182513878244,0.024213075060532687,0.024213075060532687,0.024213075060532687
livecell/images/livecell_test_images/BV2_Phase_A4_2_02d04h00m_3.tif,505.1884086696664,2,99.21133844314545,503.1884086696664,0.0,0.0,0.0
livecell/images/livecell_test_images/BV2_Phase_A4_1_00d04h00m_3.tif,39.00620967189025,96,42.215680646559534,56.99379032810975,0.041666666666666664,0.041666666666666664,0.041666666666666664
livecell/images/livecell_test_images/BV2_Phase_A4_1_02d16h00m_1.tif,827.2121362492908,1130,15.470365125108904,302.7878637507092,0.008849557522123894,0.008849557522123894,0.008849557522123894
livecell/images/livecell_test_images/BV2_Phase_A4_2_00d12h00m_1.tif,49.9256067414135,145,48.77470684737244,95.0743932585865,0.027586206896551724,0.027586206896551724,0.027586206896551724
livecell/images/livecell_test_images/BV2_Phase_A4_2_02d16h00m_3.tif,803.4271391025977,1613,33.5028872916093,809.5728608974023,0.010539367637941723,0.010539367637941723,0.010539367637941723
livecell/images/livecell_test_images/BV2_Phase_A4_2_00d00h00m_2.tif,16.236864048901225,56,55.0454902419087,39.763135951098775,0.03571428571428571,0.03571428571428571,0.03571428571428571
livecell/images/livecell_test_images/BV2_Phase_A4_1_02d16h00m_4.tif,918.0973378301715,1386,20.30741733378611,467.90266216982855,0.005050505050505051,0.005050505050505051,0.005050505050505051
livecell/images/livecell_test_images/BV2_Phase_A4_1_00d00h00m_3.tif,26.62888020411083,100,57.941853136206824,73.37111979588917,0.02,0.02,0.02
livecell/images/livecell_test_images/Huh7_Phase_A12_1_01d20h00m_3.tif,54.92150314933315,50,4.690652537000398,4.921503149333148,0.1,0.1,0.10000000000000002
livecell/images/livecell_test_images/Huh7_Phase_A12_2_03d16h00m_4.tif,72.87296748508379,50,18.615133949508024,22.87296748508379,0.06,0.06,0.06
livecell/images/livecell_test_images/Huh7_Phase_A12_2_00d00h00m_2.tif,17.698272358094982,25,17.100756631715836,7.301727641905018,0.08,0.08,0.08
livecell/images/livecell_test_images/Huh7_Phase_A12_2_00d04h00m_4.tif,36.2895456128972,56,21.357190845620895,19.7104543871028,0.05357142857142857,0.05357142857142857,0.05357142857142857
livecell/images/livecell_test_images/Huh7_Phase_A12_1_01d00h00m_1.tif,50.14457706515532,76,20.496658307784426,25.855422934844682,0.0,0.0,0.0
livecell/images/livecell_test_images/Huh7_Phase_A12_2_02d00h00m_2.tif,31.852550236872048,46,18.172108325396287,14.147449763127952,0.021739130434782608,0.021739130434782608,0.021739130434782608
livecell/images/livecell_test_images/Huh7_Phase_A12_1_02d20h00m_3.tif,57.250760536455346,48,8.789257663607279,9.250760536455346,0.0625,0.0625,0.0625
livecell/images/livecell_test_images/Huh7_Phase_A12_2_01d00h00m_4.tif,42.39303901191306,65,21.050676278542745,22.60696098808694,0.03076923076923077,0.03076923076923077,0.03076923076923077
livecell/images/livecell_test_images/Huh7_Phase_A12_2_00d00h00m_3.tif,36.598290742073004,79,36.680221641455915,42.401709257926996,0.012658227848101266,0.012658227848101266,0.012658227848101266
livecell/images/livecell_test_images/Huh7_Phase_A12_2_01d00h00m_1.tif,27.857755665503646,54,31.936185059020833,26.142244334496354,0.0,0.0,0.0
livecell/images/livecell_test_images/Huh7_Phase_A12_2_01d00h00m_3.tif,37.18056779602557,57,21.044078059604576,19.81943220397443,0.05263157894736842,0.05263157894736842,0.05263157894736842
livecell/images/livecell_test_images/Huh7_Phase_A12_1_00d00h00m_4.tif,24.95031904811549,32,12.378650496985738,7.049680951884511,0.125,0.125,0.125
livecell/images/livecell_test_images/Huh7_Phase_A12_2_03d04h00m_1.tif,55.140587545254675,107,31.98422630624239,51.859412454745325,0.0,0.0,0.0
livecell/images/livecell_test_images/Huh7_Phase_A12_1_01d12h00m_4.tif,30.859398353768484,43,16.437449961453787,12.140601646231516,0.023255813953488372,0.023255813953488372,0.02325581395348837
livecell/images/livecell_test_images/Huh7_Phase_A12_2_03d00h00m_3.tif,51.06767546774063,57,5.489453258416977,5.932324532259372,0.017543859649122806,0.017543859649122806,0.017543859649122806
livecell/images/livecell_test_images/Huh7_Phase_A12_2_01d16h00m_2.tif,30.525879818333124,55,28.616040236771305,24.474120181666876,0.0,0.0,0.0
livecell/images/livecell_test_images/Huh7_Phase_A12_2_01d16h00m_4.tif,67.51963028942555,60,5.89684135090306,7.51963028942555,0.016666666666666666,0.016666666666666666,0.016666666666666666
livecell/images/livecell_test_images/Huh7_Phase_A12_1_02d00h00m_2.tif,42.70469736906307,40,3.2703068327468445,2.7046973690630693,0.025,0.025,0.025000000000000005
livecell/images/livecell_test_images/Huh7_Phase_A12_1_03d16h00m_2.tif,57.86041491353899,57,0.7490961217462647,0.8604149135389889,0.017543859649122806,0.017543859649122806,0.017543859649122806
livecell/images/livecell_test_images/Huh7_Phase_A12_1_02d00h00m_1.tif,56.269805601798,98,27.050137410502863,41.730194398202,0.01020408163265306,0.01020408163265306,0.01020408163265306
livecell/images/livecell_test_images/Huh7_Phase_A12_1_03d16h00m_3.tif,64.17761376646376,49,13.410438037492112,15.177613766463764,0.02040816326530612,0.02040816326530612,0.02040816326530612
livecell/images/livecell_test_images/Huh7_Phase_A12_2_01d12h00m_3.tif,37.65790283203387,48,12.073722127245976,10.34209716796613,0.020833333333333332,0.020833333333333332,0.020833333333333332
livecell/images/livecell_test_images/Huh7_Phase_A12_1_02d00h00m_4.tif,37.61228712232332,36,2.190241854113494,1.6122871223233233,0.05555555555555555,0.05555555555555555,0.05555555555555555
livecell/images/livecell_test_images/Huh7_Phase_A12_1_02d16h00m_4.tif,52.17002075117853,56,3.540703073018266,3.8299792488214734,0.07142857142857142,0.07142857142857142,0.07142857142857142
livecell/images/livecell_test_images/Huh7_Phase_A12_1_01d04h00m_3.tif,39.59855578939823,51,12.58457611300682,11.401444210601767,0.058823529411764705,0.058823529411764705,0.058823529411764705
livecell/images/livecell_test_images/Huh7_Phase_A12_2_04d00h00m_3.tif,58.93110077971505,48,10.222564529877816,10.931100779715052,0.020833333333333332,0.020833333333333332,0.020833333333333332
livecell/images/livecell_test_images/Huh7_Phase_A12_2_00d08h00m_3.tif,30.82969132573635,57,29.796653363160665,26.17030867426365,0.07017543859649122,0.07017543859649122,0.07017543859649122
livecell/images/livecell_test_images/Huh7_Phase_A12_2_01d08h00m_3.tif,38.637892540555185,53,15.672673237316904,14.362107459444815,0.0,0.0,0.0
livecell/images/livecell_test_images/Huh7_Phase_A12_2_04d00h00m_4.tif,70.84069701784392,61,7.464081456207743,9.840697017843922,0.03278688524590164,0.03278688524590164,0.03278688524590164
livecell/images/livecell_test_images/Huh7_Phase_A12_2_00d20h00m_4.tif,51.72212072492766,67,12.868603746112575,15.277879275072337,0.05970149253731343,0.05970149253731343,0.05970149253731343
livecell/images/livecell_test_images/Huh7_Phase_A12_1_02d08h00m_1.tif,75.57017785004427,89,8.160544228245854,13.429822149955726,0.02247191011235955,0.02247191011235955,0.02247191011235955
livecell/images/livecell_test_images/Huh7_Phase_A12_2_01d16h00m_1.tif,42.484656521788565,54,11.93489606879721,11.515343478211435,0.018518518518518517,0.018518518518518517,0.018518518518518517
livecell/images/livecell_test_images/Huh7_Phase_A12_2_02d08h00m_3.tif,52.871086430735886,56,2.873961923081146,3.128913569264114,0.0,0.0,0.0
livecell/images/livecell_test_images/Huh7_Phase_A12_2_02d08h00m_2.tif,36.01903660088283,56,21.71394543694394,19.980963399117172,0.05357142857142857,0.05357142857142857,0.05357142857142857
livecell/images/livecell_test_images/Huh7_Phase_A12_2_03d04h00m_4.tif,74.36581255141937,66,5.960007212122802,8.365812551419367,0.045454545454545456,0.045454545454545456,0.045454545454545456
livecell/images/livecell_test_images/Huh7_Phase_A12_2_02d16h00m_2.tif,42.34712057218712,42,0.4115381412339326,0.3471205721871229,0.07142857142857142,0.07142857142857142,0.07142857142857142
livecell/images/livecell_test_images/Huh7_Phase_A12_2_03d16h00m_1.tif,57.33548545424128,56,1.178347142458287,1.3354854542412795,0.0,0.0,0.0
livecell/images/livecell_test_images/Huh7_Phase_A12_1_00d20h00m_4.tif,31.108608773613014,44,17.16366663805915,12.891391226386986,0.045454545454545456,0.045454545454545456,0.045454545454545456
livecell/images/livecell_test_images/Huh7_Phase_A12_1_02d20h00m_4.tif,51.58796745419386,55,3.2011423308850144,3.4120325458061416,0.0,0.0,0.0
livecell/images/livecell_test_images/Huh7_Phase_A12_1_00d12h00m_2.tif,26.614643118604363,56,35.56918697719124,29.385356881395637,0.017857142857142856,0.017857142857142856,0.017857142857142856
livecell/images/livecell_test_images/Huh7_Phase_A12_1_00d08h00m_3.tif,25.747628741914014,52,33.76613754386215,26.252371258085986,0.019230769230769232,0.019230769230769232,0.019230769230769232
livecell/images/livecell_test_images/Huh7_Phase_A12_1_02d08h00m_2.tif,44.69329574103904,52,7.556577943655525,7.306704258960963,0.057692307692307696,0.057692307692307696,0.057692307692307696
livecell/images/livecell_test_images/Huh7_Phase_A12_2_02d12h00m_1.tif,36.24320378988887,40,4.927385030230521,3.7567962101111334,0.05,0.05,0.05000000000000001
livecell/images/livecell_test_images/Huh7_Phase_A12_2_01d00h00m_2.tif,18.307883958111233,43,40.27559662434234,24.692116041888767,0.023255813953488372,0.023255813953488372,0.02325581395348837
livecell/images/livecell_test_images/Huh7_Phase_A12_1_02d16h00m_2.tif,55.417756617607665,55,0.3783418812378299,0.41775661760766525,0.01818181818181818,0.01818181818181818,0.01818181818181818
livecell/images/livecell_test_images/Huh7_Phase_A12_1_04d00h00m_1.tif,94.32440760095778,113,9.00790824155522,18.675592399042216,0.008849557522123894,0.008849557522123894,0.008849557522123894
livecell/images/livecell_test_images/Huh7_Phase_A12_1_02d12h00m_2.tif,47.912983013433404,61,12.016030251372726,13.087016986566596,0.03278688524590164,0.03278688524590164,0.03278688524590164
livecell/images/livecell_test_images/Huh7_Phase_A12_1_00d00h00m_2.tif,43.901661138181225,54,10.31477785404038,10.098338861818775,0.05555555555555555,0.05555555555555555,0.05555555555555555
livecell/images/livecell_test_images/Huh7_Phase_A12_1_02d08h00m_3.tif,56.94824989064,45,11.719916627756632,11.94824989064,0.044444444444444446,0.044444444444444446,0.044444444444444446
livecell/images/livecell_test_images/Huh7_Phase_A12_2_00d12h00m_1.tif,20.05464821224814,62,51.11880033810292,41.94535178775186,0.0,0.0,0.0
livecell/images/livecell_test_images/Huh7_Phase_A12_2_02d16h00m_3.tif,47.87602362720645,41,7.73664633787867,6.87602362720645,0.04878048780487805,0.04878048780487805,0.04878048780487805
livecell/images/livecell_test_images/Huh7_Phase_A12_1_02d12h00m_1.tif,71.12829053246605,104,18.770073851340452,32.87170946753395,0.009615384615384616,0.009615384615384616,0.009615384615384616
livecell/images/livecell_test_images/Huh7_Phase_A12_2_00d04h00m_2.tif,16.39914159617365,35,36.18904484819465,18.60085840382635,0.02857142857142857,0.02857142857142857,0.02857142857142857
livecell/images/livecell_test_images/Huh7_Phase_A12_1_01d04h00m_1.tif,43.68081301086568,81,29.93178026989769,37.31918698913432,0.024691358024691357,0.024691358024691357,0.024691358024691357
livecell/images/livecell_test_images/Huh7_Phase_A12_2_02d04h00m_2.tif,34.530140186921926,51,19.25620579725931,16.469859813078074,0.0,0.0,0.0
livecell/images/livecell_test_images/Huh7_Phase_A12_1_03d04h00m_4.tif,58.664878249222966,55,3.224283794319746,3.6648782492229657,0.01818181818181818,0.01818181818181818,0.01818181818181818
livecell/images/livecell_test_images/Huh7_Phase_A12_1_01d12h00m_1.tif,50.03234758988401,76,20.603958354101373,25.96765241011599,0.0,0.0,0.0
livecell/images/livecell_test_images/Huh7_Phase_A12_2_03d16h00m_2.tif,41.582275381995714,44,2.8250296071386205,2.4177246180042857,0.0,0.0,0.0
livecell/images/livecell_test_images/Huh7_Phase_A12_2_03d08h00m_4.tif,70.1273949033166,50,16.755041528633782,20.1273949033166,0.08,0.08,0.08
livecell/images/livecell_test_images/Huh7_Phase_A12_2_02d04h00m_3.tif,52.59661560417226,55,2.2336988782893905,2.403384395827743,0.05454545454545454,0.05454545454545454,0.05454545454545454
livecell/images/livecell_test_images/Huh7_Phase_A12_2_02d12h00m_2.tif,37.58376907739512,51,15.145247331803189,13.416230922604882,0.0392156862745098,0.0392156862745098,0.0392156862745098
livecell/images/livecell_test_images/Huh7_Phase_A12_1_00d08h00m_2.tif,25.51158488404326,53,35.01192232529177,27.48841511595674,0.0,0.0,0.0
livecell/images/livecell_test_images/Huh7_Phase_A12_2_03d12h00m_3.tif,53.991055865939416,50,3.8378837802017367,3.9910558659394155,0.02,0.02,0.02
livecell/images/livecell_test_images/Huh7_Phase_A12_1_01d16h00m_3.tif,57.51953214142486,81,16.95101585717326,23.48046785857514,0.024691358024691357,0.024691358024691357,0.024691358024691357
livecell/images/livecell_test_images/Huh7_Phase_A12_1_02d20h00m_2.tif,54.24542805191595,61,5.8610324611239575,6.754571948084049,0.01639344262295082,0.01639344262295082,0.01639344262295082
livecell/images/livecell_test_images/Huh7_Phase_A12_2_00d16h00m_4.tif,63.61771240930102,57,5.486517922711589,6.617712409301021,0.15789473684210525,0.15789473684210525,0.15789473684210525
livecell/images/livecell_test_images/Huh7_Phase_A12_2_02d20h00m_2.tif,35.769641910594146,46,12.511193458070407,10.230358089405854,0.0,0.0,0.0
livecell/images/livecell_test_images/Huh7_Phase_A12_1_01d04h00m_4.tif,29.462917954941076,42,17.543479057157764,12.537082045058924,0.023809523809523808,0.023809523809523808,0.023809523809523808
livecell/images/livecell_test_images/Huh7_Phase_A12_1_00d16h00m_2.tif,48.99782260467691,53,3.9237870898820306,4.002177395323088,0.03773584905660377,0.03773584905660377,0.03773584905660377
livecell/images/livecell_test_images/Huh7_Phase_A12_2_02d04h00m_1.tif,41.929879637929844,46,4.628825126145687,4.070120362070156,0.043478260869565216,0.043478260869565216,0.043478260869565216
livecell/images/livecell_test_images/Huh7_Phase_A12_2_01d08h00m_1.tif,29.72796685819958,63,35.88133577077162,33.27203314180042,0.015873015873015872,0.015873015873015872,0.015873015873015872
livecell/images/livecell_test_images/Huh7_Phase_A12_1_04d00h00m_3.tif,72.02379224234392,50,18.048768881566822,22.023792242343916,0.04,0.04,0.04
livecell/images/livecell_test_images/Huh7_Phase_A12_1_03d20h00m_2.tif,51.431026071866654,56,4.252937065943038,4.568973928133346,0.017857142857142856,0.017857142857142856,0.017857142857142856
livecell/images/livecell_test_images/Huh7_Phase_A12_2_01d12h00m_2.tif,25.353531297963855,47,29.917639559142444,21.646468702036145,0.0425531914893617,0.0425531914893617,0.0425531914893617
livecell/images/livecell_test_images/Huh7_Phase_A12_2_00d04h00m_3.tif,30.153162133296064,57,30.80420401229177,26.846837866703936,0.0,0.0,0.0
livecell/images/livecell_test_images/Huh7_Phase_A12_1_02d04h00m_4.tif,48.842719539399695,52,3.1308957900195673,3.1572804606003047,0.038461538461538464,0.038461538461538464,0.038461538461538464
livecell/images/livecell_test_images/Huh7_Phase_A12_1_03d04h00m_2.tif,62.128311445314466,56,5.187843092256056,6.128311445314466,0.0,0.0,0.0
livecell/images/livecell_test_images/Huh7_Phase_A12_2_02d20h00m_1.tif,42.58697049220791,43,0.48258456330066335,0.41302950779208913,0.0,0.0,0.0
livecell/images/livecell_test_images/Huh7_Phase_A12_1_02d16h00m_1.tif,92.39555233941064,93,0.32603137074333516,0.6044476605893578,0.010752688172043012,0.010752688172043012,0.010752688172043012
livecell/images/livecell_test_images/Huh7_Phase_A12_1_00d00h00m_3.tif,40.541006976010976,48,8.424337240720496,7.458993023989024,0.10416666666666667,0.10416666666666667,0.10416666666666667
livecell/images/livecell_test_images/Huh7_Phase_A12_1_00d04h00m_4.tif,22.4973043144837,35,21.744838013852494,12.5026956855163,0.14285714285714285,0.14285714285714285,0.14285714285714285
livecell/images/livecell_test_images/Huh7_Phase_A12_2_01d08h00m_4.tif,47.26514078049513,54,6.650718270469322,6.7348592195048695,0.037037037037037035,0.037037037037037035,0.037037037037037035
livecell/images/livecell_test_images/Huh7_Phase_A12_2_02d20h00m_3.tif,54.05386137565438,54,0.049846784713344555,0.05386137565437821,0.037037037037037035,0.037037037037037035,0.037037037037037035
livecell/images/livecell_test_images/Huh7_Phase_A12_1_00d00h00m_1.tif,47.303490969836275,79,25.095513027215905,31.696509030163725,0.06329113924050633,0.06329113924050633,0.06329113924050633
livecell/images/livecell_test_images/Huh7_Phase_A12_2_01d20h00m_2.tif,37.382879194137786,47,11.397004816268856,9.617120805862214,0.06382978723404255,0.06382978723404255,0.06382978723404255
livecell/images/livecell_test_images/Huh7_Phase_A12_1_01d20h00m_1.tif,75.92617079857882,94,10.636283461506881,18.073829201421177,0.02127659574468085,0.02127659574468085,0.02127659574468085
livecell/images/livecell_test_images/Huh7_Phase_A12_1_00d08h00m_4.tif,22.354400391348463,38,25.92288135944146,15.645599608651537,0.05263157894736842,0.05263157894736842,0.05263157894736842
livecell/images/livecell_test_images/Huh7_Phase_A12_2_00d08h00m_2.tif,13.086360456654802,41,51.609387852442744,27.913639543345198,0.04878048780487805,0.04878048780487805,0.04878048780487805
livecell/images/livecell_test_images/Huh7_Phase_A12_1_04d00h00m_2.tif,61.99842710653684,61,0.811739735234204,0.9984271065368375,0.01639344262295082,0.01639344262295082,0.01639344262295082
livecell/images/livecell_test_images/Huh7_Phase_A12_2_02d00h00m_3.tif,46.290279932669364,51,4.840894764194369,4.709720067330636,0.0196078431372549,0.0196078431372549,0.0196078431372549
livecell/images/livecell_test_images/Huh7_Phase_A12_2_02d20h00m_4.tif,70.46861550457834,61,7.202186976897614,9.468615504578338,0.04918032786885246,0.04918032786885246,0.04918032786885245
livecell/images/livecell_test_images/Huh7_Phase_A12_1_00d20h00m_1.tif,49.603133464148414,73,19.08341644685068,23.396866535851586,0.0273972602739726,0.0273972602739726,0.0273972602739726
livecell/images/livecell_test_images/Huh7_Phase_A12_2_00d20h00m_1.tif,37.13098588437424,61,24.323626121264223,23.86901411562576,0.0,0.0,0.0
livecell/images/livecell_test_images/Huh7_Phase_A12_2_02d08h00m_1.tif,31.919012637425112,46,18.071311334624994,14.080987362574888,0.0,0.0,0.0
livecell/images/livecell_test_images/Huh7_Phase_A12_2_03d00h00m_1.tif,41.7525281102171,40,2.143698978769655,1.7525281102170993,0.0,0.0,0.0
livecell/images/livecell_test_images/Huh7_Phase_A12_1_03d20h00m_1.tif,84.03769432664558,117,16.39608222913527,32.96230567335442,0.008547008547008548,0.008547008547008548,0.008547008547008548
livecell/images/livecell_test_images/Huh7_Phase_A12_1_00d12h00m_1.tif,30.083086715820173,75,42.74418908691766,44.91691328417983,0.013333333333333334,0.013333333333333334,0.013333333333333336
livecell/images/livecell_test_images/Huh7_Phase_A12_2_01d12h00m_4.tif,51.852829893312446,60,7.283830113604184,8.147170106687554,0.08333333333333333,0.08333333333333333,0.08333333333333333
livecell/images/livecell_test_images/Huh7_Phase_A12_1_02d04h00m_3.tif,48.50503078831753,51,2.5073799705566215,2.4949692116824735,0.0392156862745098,0.0392156862745098,0.0392156862745098
livecell/images/livecell_test_images/Huh7_Phase_A12_1_02d00h00m_3.tif,46.49969890505599,46,0.5402167909420945,0.49969890505599324,0.06521739130434782,0.06521739130434782,0.06521739130434782
livecell/images/livecell_test_images/Huh7_Phase_A12_1_00d04h00m_1.tif,32.63288730654676,76,39.92079541352641,43.36711269345324,0.0,0.0,0.0
livecell/images/livecell_test_images/Huh7_Phase_A12_2_03d08h00m_1.tif,52.17169234735047,61,7.800809080024518,8.828307652649528,0.04918032786885246,0.04918032786885246,0.04918032786885245
livecell/images/livecell_test_images/Huh7_Phase_A12_1_03d08h00m_3.tif,60.53786007966846,58,2.140970047850353,2.5378600796684623,0.06896551724137931,0.06896551724137931,0.06896551724137931
livecell/images/livecell_test_images/Huh7_Phase_A12_1_03d00h00m_1.tif,62.44870948638709,104,24.963420048030567,41.55129051361291,0.019230769230769232,0.019230769230769232,0.019230769230769232
livecell/images/livecell_test_images/Huh7_Phase_A12_2_03d04h00m_3.tif,56.663192288320715,57,0.29632082726035913,0.3368077116792847,0.0,0.0,0.0
livecell/images/livecell_test_images/Huh7_Phase_A12_1_02d04h00m_2.tif,54.839866955182515,39,16.87967754978549,15.839866955182515,0.02564102564102564,0.02564102564102564,0.02564102564102564
livecell/images/livecell_test_images/Huh7_Phase_A12_1_00d16h00m_3.tif,57.097618635190884,42,15.235097314265348,15.097618635190884,0.14285714285714285,0.14285714285714285,0.14285714285714285
livecell/images/livecell_test_images/Huh7_Phase_A12_1_03d12h00m_4.tif,55.98746818222571,50,5.649222766536299,5.987468182225712,0.02,0.02,0.02
livecell/images/livecell_test_images/Huh7_Phase_A12_1_03d20h00m_4.tif,57.405538934759534,57,0.3544749131340527,0.40553893475953373,0.0,0.0,0.0
livecell/images/livecell_test_images/Huh7_Phase_A12_1_00d12h00m_4.tif,20.694900257843983,35,25.68475690939281,14.305099742156017,0.08571428571428572,0.08571428571428572,0.08571428571428572
livecell/images/livecell_test_images/Huh7_Phase_A12_2_01d20h00m_4.tif,73.2878611648739,52,16.991160170624923,21.287861164873902,0.038461538461538464,0.038461538461538464,0.038461538461538464
livecell/images/livecell_test_images/Huh7_Phase_A12_2_04d00h00m_2.tif,42.49570836104613,46,3.959843594513093,3.504291638953873,0.0,0.0,0.0
livecell/images/livecell_test_images/Huh7_Phase_A12_2_00d12h00m_3.tif,27.86263883227366,56,33.551724056765515,28.13736116772634,0.017857142857142856,0.017857142857142856,0.017857142857142856
livecell/images/livecell_test_images/Huh7_Phase_A12_2_00d20h00m_3.tif,46.361355675413506,56,9.416292174900951,9.638644324586494,0.07142857142857142,0.07142857142857142,0.07142857142857142
livecell/images/livecell_test_images/Huh7_Phase_A12_1_03d08h00m_1.tif,89.10559660431318,81,4.765038168125535,8.105596604313178,0.024691358024691357,0.024691358024691357,0.024691358024691357
livecell/images/livecell_test_images/Huh7_Phase_A12_2_00d00h00m_4.tif,42.75150644926907,80,30.34463252483589,37.24849355073093,0.05,0.05,0.05000000000000001
livecell/images/livecell_test_images/Huh7_Phase_A12_1_01d20h00m_2.tif,68.36886695564681,61,5.6960125948797025,7.3688669556468085,0.06557377049180328,0.06557377049180328,0.06557377049180328
livecell/images/livecell_test_images/Huh7_Phase_A12_1_01d16h00m_2.tif,55.14344812453055,70,11.871617809895776,14.85655187546945,0.014285714285714285,0.014285714285714285,0.014285714285714285
livecell/images/livecell_test_images/Huh7_Phase_A12_1_00d04h00m_3.tif,28.110962999029653,55,32.353177042701674,26.889037000970347,0.01818181818181818,0.01818181818181818,0.01818181818181818
livecell/images/livecell_test_images/Huh7_Phase_A12_1_00d20h00m_2.tif,35.59105313847067,90,43.32231118528852,54.40894686152933,0.022222222222222223,0.022222222222222223,0.022222222222222223
livecell/images/livecell_test_images/Huh7_Phase_A12_1_03d04h00m_3.tif,66.31620827997904,52,12.09995527079578,14.316208279979037,0.038461538461538464,0.038461538461538464,0.038461538461538464
livecell/images/livecell_test_images/Huh7_Phase_A12_1_03d16h00m_1.tif,85.02415543766983,111,13.251348796444503,25.975844562330167,0.018018018018018018,0.018018018018018018,0.018018018018018018
livecell/images/livecell_test_images/Huh7_Phase_A12_2_01d16h00m_3.tif,49.77049490135323,53,3.1424438519505897,3.2295050986467686,0.018867924528301886,0.018867924528301886,0.018867924528301886
livecell/images/livecell_test_images/Huh7_Phase_A12_1_03d08h00m_4.tif,59.258426512009464,73,10.389941760529533,13.741573487990536,0.0273972602739726,0.0273972602739726,0.0273972602739726
livecell/images/livecell_test_images/Huh7_Phase_A12_1_03d12h00m_2.tif,55.37475140585593,55,0.3395263872241432,0.3747514058559318,0.01818181818181818,0.01818181818181818,0.01818181818181818
livecell/images/livecell_test_images/Huh7_Phase_A12_1_01d00h00m_3.tif,38.37699630337738,65,25.753315194506992,26.623003696622618,0.015384615384615385,0.015384615384615385,0.015384615384615385
livecell/images/livecell_test_images/Huh7_Phase_A12_1_01d20h00m_4.tif,55.994119467781275,43,13.126152884273449,12.994119467781275,0.13953488372093023,0.13953488372093023,0.13953488372093023
livecell/images/livecell_test_images/Huh7_Phase_A12_2_01d12h00m_1.tif,29.25963036221401,47,23.263120413151373,17.74036963778599,0.0425531914893617,0.0425531914893617,0.0425531914893617
livecell/images/livecell_test_images/Huh7_Phase_A12_2_03d08h00m_3.tif,54.0209471644157,62,6.877251936477484,7.979052835584298,0.016129032258064516,0.016129032258064516,0.016129032258064516
livecell/images/livecell_test_images/Huh7_Phase_A12_1_00d16h00m_4.tif,37.28192970248347,37,0.3795400895112194,0.2819297024834668,0.0,0.0,0.0
livecell/images/livecell_test_images/Huh7_Phase_A12_2_03d20h00m_2.tif,50.59212171269246,43,8.111923924535688,7.59212171269246,0.0,0.0,0.0
livecell/images/livecell_test_images/Huh7_Phase_A12_2_03d00h00m_2.tif,44.46777065435526,53,8.753898122798073,8.532229345644737,0.0,0.0,0.0
livecell/images/livecell_test_images/Huh7_Phase_A12_2_00d04h00m_1.tif,19.617775894601436,55,47.417955951107956,35.38222410539856,0.0,0.0,0.0
livecell/images/livecell_test_images/Huh7_Phase_A12_2_00d16h00m_1.tif,45.624717025351856,53,7.478128401374576,7.375282974648144,0.07547169811320754,0.07547169811320754,0.07547169811320754
livecell/images/livecell_test_images/Huh7_Phase_A12_2_01d08h00m_2.tif,25.662019764735305,52,33.91359163082727,26.337980235264695,0.019230769230769232,0.019230769230769232,0.019230769230769232
livecell/images/livecell_test_images/Huh7_Phase_A12_1_00d08h00m_1.tif,37.03720539047572,79,36.1632240868915,41.96279460952428,0.012658227848101266,0.012658227848101266,0.012658227848101266
livecell/images/livecell_test_images/Huh7_Phase_A12_1_03d20h00m_3.tif,59.09938356914063,42,16.913439988925916,17.099383569140628,0.07142857142857142,0.07142857142857142,0.07142857142857142
livecell/images/livecell_test_images/Huh7_Phase_A12_1_01d08h00m_4.tif,30.108224275576504,45,19.82709066557704,14.891775724423496,0.0,0.0,0.0
livecell/images/livecell_test_images/Huh7_Phase_A12_1_01d08h00m_3.tif,36.12603849914922,55,20.71193021413632,18.873961500850783,0.01818181818181818,0.01818181818181818,0.01818181818181818
livecell/images/livecell_test_images/Huh7_Phase_A12_2_00d16h00m_3.tif,53.03298117809754,62,7.79517207158132,8.967018821902457,0.04838709677419355,0.04838709677419355,0.04838709677419355
livecell/images/livecell_test_images/Huh7_Phase_A12_2_03d12h00m_2.tif,35.75330326454605,40,5.605955849375462,4.246696735453952,0.05,0.05,0.05000000000000001
livecell/images/livecell_test_images/Huh7_Phase_A12_2_04d00h00m_1.tif,51.5842776579193,39,13.89234200822611,12.584277657919301,0.07692307692307693,0.07692307692307693,0.07692307692307693
livecell/images/livecell_test_images/Huh7_Phase_A12_2_00d20h00m_2.tif,25.42706397996335,44,26.751723255064913,18.57293602003665,0.045454545454545456,0.045454545454545456,0.045454545454545456
livecell/images/livecell_test_images/Huh7_Phase_A12_1_00d20h00m_3.tif,39.23066862243286,107,46.3441301445098,67.76933137756714,0.037383177570093455,0.037383177570093455,0.037383177570093455
livecell/images/livecell_test_images/Huh7_Phase_A12_1_01d12h00m_3.tif,36.84108460180869,49,14.164447542331171,12.158915398191311,0.04081632653061224,0.04081632653061224,0.04081632653061224
livecell/images/livecell_test_images/Huh7_Phase_A12_1_01d12h00m_2.tif,35.99657973734975,56,21.743656470447075,20.003420262650252,0.05357142857142857,0.05357142857142857,0.05357142857142857
livecell/images/livecell_test_images/Huh7_Phase_A12_2_02d16h00m_4.tif,76.68497893802851,56,15.589540808300221,20.684978938028507,0.03571428571428571,0.03571428571428571,0.03571428571428571
livecell/images/livecell_test_images/Huh7_Phase_A12_2_02d16h00m_1.tif,41.77614105141765,40,2.1719550819852027,1.7761410514176532,0.05,0.05,0.05000000000000001
livecell/images/livecell_test_images/Huh7_Phase_A12_2_02d04h00m_4.tif,65.64451618669773,71,3.9192819168718493,5.355483813302271,0.028169014084507043,0.028169014084507043,0.028169014084507043
livecell/images/livecell_test_images/Huh7_Phase_A12_2_00d12h00m_2.tif,14.981414157026848,41,46.477185749526605,26.018585842973152,0.04878048780487805,0.04878048780487805,0.04878048780487805
livecell/images/livecell_test_images/Huh7_Phase_A12_2_00d12h00m_4.tif,32.00307725278617,62,31.910575295900482,29.99692274721383,0.03225806451612903,0.03225806451612903,0.03225806451612903
livecell/images/livecell_test_images/Huh7_Phase_A12_2_00d08h00m_1.tif,22.18459298336711,51,39.373597422591196,28.81540701663289,0.0392156862745098,0.0392156862745098,0.0392156862745098
livecell/images/livecell_test_images/Huh7_Phase_A12_2_02d12h00m_4.tif,61.887140920443926,56,4.99387878480899,5.887140920443926,0.03571428571428571,0.03571428571428571,0.03571428571428571
livecell/images/livecell_test_images/Huh7_Phase_A12_2_02d00h00m_4.tif,56.326253781189735,69,10.11260277590175,12.673746218810265,0.028985507246376812,0.028985507246376812,0.028985507246376812
livecell/images/livecell_test_images/Huh7_Phase_A12_1_00d04h00m_2.tif,26.781899258412523,53,32.862216850300086,26.218100741587477,0.018867924528301886,0.018867924528301886,0.018867924528301886
livecell/images/livecell_test_images/Huh7_Phase_A12_2_03d08h00m_2.tif,43.79353826137958,51,7.602271073318979,7.206461738620419,0.0196078431372549,0.0196078431372549,0.0196078431372549
livecell/images/livecell_test_images/Huh7_Phase_A12_1_00d12h00m_3.tif,30.344516021068557,52,26.298635325503277,21.655483978931443,0.019230769230769232,0.019230769230769232,0.019230769230769232
livecell/images/livecell_test_images/Huh7_Phase_A12_1_03d00h00m_3.tif,50.34981924080785,41,10.235180888711698,9.349819240807847,0.0975609756097561,0.0975609756097561,0.0975609756097561
livecell/images/livecell_test_images/Huh7_Phase_A12_2_01d04h00m_1.tif,31.601472981932602,65,34.57351734617332,33.3985270180674,0.0,0.0,0.0
livecell/images/livecell_test_images/Huh7_Phase_A12_2_03d16h00m_3.tif,65.72722290438105,44,19.801123485385826,21.72722290438105,0.045454545454545456,0.045454545454545456,0.045454545454545456
livecell/images/livecell_test_images/Huh7_Phase_A12_2_03d00h00m_4.tif,67.62401949603736,57,8.524857037190309,10.624019496037363,0.017543859649122806,0.017543859649122806,0.017543859649122806
livecell/images/livecell_test_images/Huh7_Phase_A12_1_02d16h00m_3.tif,58.593530488204124,52,5.9619495454188325,6.593530488204124,0.11538461538461539,0.11538461538461539,0.11538461538461539
livecell/images/livecell_test_images/Huh7_Phase_A12_1_01d00h00m_2.tif,27.523750129608743,49,28.06481626164008,21.476249870391257,0.0,0.0,0.0
livecell/images/livecell_test_images/Huh7_Phase_A12_1_01d08h00m_2.tif,30.790520694179577,77,42.86970598919801,46.20947930582042,0.0,0.0,0.0
livecell/images/livecell_test_images/Huh7_Phase_A12_2_03d12h00m_1.tif,49.15506671701951,51,1.8420768349076233,1.8449332829804916,0.0392156862745098,0.0392156862745098,0.0392156862745098
livecell/images/livecell_test_images/Huh7_Phase_A12_1_01d16h00m_4.tif,46.51340511618764,49,2.603398843112682,2.4865948838123586,0.04081632653061224,0.04081632653061224,0.04081632653061224
livecell/images/livecell_test_images/Huh7_Phase_A12_2_00d16h00m_2.tif,34.1318154912351,42,10.33494926923258,7.868184508764898,0.023809523809523808,0.023809523809523808,0.023809523809523808
livecell/images/livecell_test_images/Huh7_Phase_A12_1_03d00h00m_2.tif,49.077896887443785,61,10.830605825206431,11.922103112556215,0.04918032786885246,0.04918032786885246,0.04918032786885245
livecell/images/livecell_test_images/Huh7_Phase_A12_2_02d00h00m_1.tif,36.09484633908505,51,17.113703379055217,14.905153660914948,0.0,0.0,0.0
livecell/images/livecell_test_images/Huh7_Phase_A12_1_02d08h00m_4.tif,42.3530216137915,53,11.165853169637325,10.646978386208502,0.018867924528301886,0.018867924528301886,0.018867924528301886
livecell/images/livecell_test_images/Huh7_Phase_A12_2_01d20h00m_3.tif,58.770478375896346,50,8.063289328917664,8.770478375896346,0.0,0.0,0.0
livecell/images/livecell_test_images/Huh7_Phase_A12_1_02d12h00m_3.tif,58.90915504729492,47,11.244688943063279,11.909155047294917,0.02127659574468085,0.02127659574468085,0.02127659574468085
livecell/images/livecell_test_images/Huh7_Phase_A12_1_04d00h00m_4.tif,64.0461543541278,64,0.03604509199092981,0.04615435412779334,0.0,0.0,0.0
livecell/images/livecell_test_images/Huh7_Phase_A12_1_01d00h00m_4.tif,25.536595209445295,35,15.632535589114477,9.463404790554705,0.05714285714285714,0.05714285714285714,0.05714285714285714
livecell/images/livecell_test_images/Huh7_Phase_A12_2_00d08h00m_4.tif,28.50085293450502,57,33.33200323431366,28.49914706549498,0.03508771929824561,0.03508771929824561,0.03508771929824561
livecell/images/livecell_test_images/Huh7_Phase_A12_2_01d04h00m_4.tif,50.30597164988285,71,17.059364900719736,20.69402835011715,0.08450704225352113,0.08450704225352113,0.08450704225352113
livecell/images/livecell_test_images/Huh7_Phase_A12_1_01d08h00m_1.tif,40.79098738306857,112,46.60550588523941,71.20901261693143,0.0,0.0,0.0
livecell/images/livecell_test_images/Huh7_Phase_A12_1_03d16h00m_4.tif,68.54997409050702,56,10.076255882146794,12.549974090507021,0.017857142857142856,0.017857142857142856,0.017857142857142856
livecell/images/livecell_test_images/Huh7_Phase_A12_1_03d00h00m_4.tif,50.555241299513,52,1.4087614462020293,1.4447587004870002,0.019230769230769232,0.019230769230769232,0.019230769230769232
livecell/images/livecell_test_images/Huh7_Phase_A12_1_03d08h00m_2.tif,54.31968026612594,60,4.968803027309719,5.680319733874057,0.016666666666666666,0.016666666666666666,0.016666666666666666
livecell/images/livecell_test_images/Huh7_Phase_A12_1_01d16h00m_1.tif,70.541134699135,153,36.88755781429076,82.458865300865,0.006535947712418301,0.006535947712418301,0.006535947712418301
livecell/images/livecell_test_images/Huh7_Phase_A12_2_03d20h00m_1.tif,53.76016938680914,46,7.778825391444487,7.760169386809139,0.043478260869565216,0.043478260869565216,0.043478260869565216
livecell/images/livecell_test_images/Huh7_Phase_A12_2_00d00h00m_1.tif,33.11854303058681,46,16.281211048632798,12.881456969413193,0.08695652173913043,0.08695652173913043,0.08695652173913043
livecell/images/livecell_test_images/Huh7_Phase_A12_1_02d12h00m_4.tif,49.675959776111995,48,1.7158365067039494,1.6759597761119949,0.0625,0.0625,0.0625
livecell/images/livecell_test_images/Huh7_Phase_A12_2_02d08h00m_4.tif,64.81204813089425,59,4.6942508573557795,5.812048130894254,0.06779661016949153,0.06779661016949153,0.06779661016949153
livecell/images/livecell_test_images/Huh7_Phase_A12_1_03d12h00m_3.tif,58.56988244787135,35,25.1896035682233,23.56988244787135,0.14285714285714285,0.14285714285714285,0.14285714285714285
livecell/images/livecell_test_images/Huh7_Phase_A12_2_03d20h00m_3.tif,66.02975987454556,34,32.02023069406181,32.02975987454556,0.029411764705882353,0.029411764705882353,0.029411764705882353
livecell/images/livecell_test_images/Huh7_Phase_A12_1_00d16h00m_1.tif,59.77702496533311,76,11.948247532164572,16.222975034666888,0.013157894736842105,0.013157894736842105,0.013157894736842105
livecell/images/livecell_test_images/Huh7_Phase_A12_1_02d04h00m_1.tif,76.3623740390176,67,6.530565709291007,9.362374039017595,0.0,0.0,0.0
livecell/images/livecell_test_images/Huh7_Phase_A12_2_02d12h00m_3.tif,54.434989690249495,56,1.4171326625194431,1.5650103097505053,0.07142857142857142,0.07142857142857142,0.07142857142857142
livecell/images/livecell_test_images/Huh7_Phase_A12_2_01d04h00m_2.tif,17.180058898377865,51,49.60386020204329,33.819941101622135,0.0,0.0,0.0
livecell/images/livecell_test_images/Huh7_Phase_A12_1_02d20h00m_1.tif,75.27738088907063,124,24.449648471670358,48.72261911092937,0.0,0.0,0.0
livecell/images/livecell_test_images/Huh7_Phase_A12_2_01d20h00m_1.tif,45.29035391704747,42,3.769435876241619,3.2903539170474687,0.047619047619047616,0.047619047619047616,0.047619047619047616
livecell/images/livecell_test_images/Huh7_Phase_A12_2_03d12h00m_4.tif,64.96683969137302,54,9.218400454970054,10.966839691373025,0.037037037037037035,0.037037037037037035,0.037037037037037035
livecell/images/livecell_test_images/Huh7_Phase_A12_2_03d20h00m_4.tif,81.8681643154705,52,22.311626119772505,29.868164315470494,0.057692307692307696,0.057692307692307696,0.057692307692307696
livecell/images/livecell_test_images/Huh7_Phase_A12_1_03d12h00m_1.tif,69.3732417862775,72,1.8580306856749638,2.6267582137224963,0.0,0.0,0.0
livecell/images/livecell_test_images/Huh7_Phase_A12_2_01d04h00m_3.tif,38.30206404348064,64,25.119665176645086,25.69793595651936,0.0,0.0,0.0
livecell/images/livecell_test_images/Huh7_Phase_A12_2_03d04h00m_2.tif,42.28336299851071,57,14.822863123311048,14.716637001489289,0.0,0.0,0.0
livecell/images/livecell_test_images/Huh7_Phase_A12_1_01d04h00m_2.tif,24.976807924462264,44,27.57911339760804,19.023192075537736,0.022727272727272728,0.022727272727272728,0.022727272727272728
livecell/images/livecell_test_images/Huh7_Phase_A12_1_03d04h00m_1.tif,89.67927437087201,98,4.433481351108301,8.320725629127992,0.030612244897959183,0.030612244897959183,0.030612244897959183
livecell/images/livecell_test_images/SkBr3_Phase_G3_1_01d04h00m_3.tif,120.61973855789256,211,27.25418632652631,90.38026144210744,0.023696682464454975,0.023696682464454975,0.023696682464454975
livecell/images/livecell_test_images/SkBr3_Phase_G3_2_01d20h00m_4.tif,169.46798182322527,332,32.411245397132774,162.53201817677473,0.024096385542168676,0.024096385542168676,0.024096385542168676
livecell/images/livecell_test_images/SKOV3_Phase_E4_2_02d00h00m_1.tif,100.32241055808845,194,31.82822173285477,93.67758944191155,0.015463917525773196,0.015463917525773196,0.015463917525773196
livecell/images/livecell_test_images/SKOV3_Phase_F4_2_02d16h00m_1.tif,128.55841640934523,268,35.16293635959978,139.44158359065477,0.0037313432835820895,0.0037313432835820895,0.0037313432835820895
livecell/images/livecell_test_images/SkBr3_Phase_G3_1_02d20h00m_2.tif,404.7200910189422,523,12.749525436184909,118.27990898105782,0.015296367112810707,0.015296367112810707,0.015296367112810707
livecell/images/livecell_test_images/SkBr3_Phase_G3_1_01d20h00m_1.tif,128.87943307262321,330,43.82862957720466,201.12056692737679,0.0,0.0,0.0
livecell/images/livecell_test_images/SkBr3_Phase_G3_1_03d00h00m_3.tif,386.48472296484397,406,2.4625429954214733,19.515277035156032,0.022167487684729065,0.022167487684729065,0.022167487684729065
livecell/images/livecell_test_images/SkBr3_Phase_G3_1_03d12h00m_2.tif,428.2063243521843,577,14.802301979517221,148.7936756478157,0.008665511265164644,0.008665511265164644,0.008665511265164644
livecell/images/livecell_test_images/SkBr3_Phase_G3_2_02d00h00m_3.tif,320.7107041424315,430,14.558110768170579,109.2892958575685,0.023255813953488372,0.023255813953488372,0.02325581395348837
livecell/images/livecell_test_images/SKOV3_Phase_E4_2_01d16h00m_1.tif,99.4953872551705,155,21.809673386801958,55.5046127448295,0.0064516129032258064,0.0064516129032258064,0.0064516129032258064
livecell/images/livecell_test_images/SkBr3_Phase_G3_1_03d08h00m_4.tif,393.5846807275666,500,11.908811953422129,106.41531927243341,0.006,0.006,0.006
livecell/images/livecell_test_images/SkBr3_Phase_G3_2_02d16h00m_4.tif,285.145402798531,407,17.605346609076346,121.854597201469,0.0171990171990172,0.0171990171990172,0.0171990171990172
livecell/images/livecell_test_images/SkBr3_Phase_G3_2_03d12h00m_3.tif,522.1547675983747,691,13.91786414324367,168.84523240162525,0.008683068017366137,0.008683068017366137,0.008683068017366137
livecell/images/livecell_test_images/SkBr3_Phase_G3_1_02d08h00m_1.tif,160.101427399175,377,40.383168157105914,216.898572600825,0.010610079575596816,0.010610079575596816,0.010610079575596816
livecell/images/livecell_test_images/SkBr3_Phase_G3_2_01d12h00m_4.tif,152.51692611616454,286,30.439662857728635,133.48307388383546,0.027972027972027972,0.027972027972027972,0.027972027972027972
livecell/images/livecell_test_images/SkBr3_Phase_G3_1_02d12h00m_1.tif,162.54358991986373,412,43.41818696731609,249.45641008013627,0.007281553398058253,0.007281553398058253,0.007281553398058253
livecell/images/livecell_test_images/SkBr3_Phase_G3_2_00d12h00m_2.tif,109.56532828889613,232,35.845169743794536,122.43467171110387,0.021551724137931036,0.021551724137931036,0.021551724137931036
livecell/images/livecell_test_images/SkBr3_Phase_G3_1_01d16h00m_4.tif,171.98301014240133,605,55.730560926710304,433.0169898575987,0.008264462809917356,0.008264462809917356,0.008264462809917356
livecell/images/livecell_test_images/SkBr3_Phase_G3_2_01d04h00m_4.tif,121.92263589544018,255,35.306280767249014,133.07736410455982,0.0196078431372549,0.0196078431372549,0.0196078431372549
livecell/images/livecell_test_images/SkBr3_Phase_G3_1_03d12h00m_3.tif,359.8953402529587,436,9.562144153633694,76.1046597470413,0.013761467889908258,0.013761467889908258,0.013761467889908258
livecell/images/livecell_test_images/SkBr3_Phase_G3_2_00d16h00m_3.tif,134.60684804469201,281,35.2239508670381,146.39315195530799,0.03202846975088968,0.03202846975088968,0.03202846975088968
livecell/images/livecell_test_images/SkBr3_Phase_G3_2_00d04h00m_3.tif,119.99235911903816,226,30.63872310674065,106.00764088096184,0.035398230088495575,0.035398230088495575,0.035398230088495575
livecell/images/livecell_test_images/SkBr3_Phase_G3_1_01d16h00m_1.tif,123.08203920569213,303,42.22613117645451,179.91796079430787,0.009900990099009901,0.009900990099009901,0.009900990099009901
livecell/images/livecell_test_images/SkBr3_Phase_G3_2_02d08h00m_3.tif,286.8581351534376,455,22.664962056631733,168.14186484656238,0.013186813186813187,0.013186813186813187,0.013186813186813187
livecell/images/livecell_test_images/SKOV3_Phase_E4_2_02d08h00m_1.tif,116.77153112484666,236,33.797644751826105,119.22846887515334,0.0,0.0,0.0
livecell/images/livecell_test_images/SkBr3_Phase_G3_2_03d08h00m_1.tif,314.11947320209583,623,32.96063475689744,308.88052679790417,0.008025682182985553,0.008025682182985553,0.008025682182985553
livecell/images/livecell_test_images/SkBr3_Phase_G3_1_03d08h00m_2.tif,337.4119944246195,551,24.041549069101762,213.58800557538052,0.012704174228675136,0.012704174228675136,0.012704174228675138
livecell/images/livecell_test_images/SkBr3_Phase_G3_2_01d04h00m_2.tif,118.28499693136109,263,37.954549545176704,144.7150030686389,0.015209125475285171,0.015209125475285171,0.015209125475285171
livecell/images/livecell_test_images/SkBr3_Phase_G3_2_02d04h00m_2.tif,210.09347241048818,334,22.77302226041618,123.90652758951182,0.017964071856287425,0.017964071856287425,0.017964071856287425
livecell/images/livecell_test_images/SkBr3_Phase_G3_2_03d00h00m_4.tif,443.2479170682491,893,33.6578322919683,449.7520829317509,0.01791713325867861,0.01791713325867861,0.01791713325867861
livecell/images/livecell_test_images/SkBr3_Phase_G3_1_00d08h00m_1.tif,91.21717794819415,201,37.568914607500844,109.78282205180585,0.03482587064676617,0.03482587064676617,0.03482587064676617
livecell/images/livecell_test_images/SkBr3_Phase_G3_2_02d08h00m_4.tif,216.349787431187,371,26.330172561257903,154.650212568813,0.018867924528301886,0.018867924528301886,0.018867924528301886
livecell/images/livecell_test_images/SkBr3_Phase_G3_1_00d08h00m_4.tif,126.32015352250164,200,22.579005826686615,73.67984647749836,0.045,0.045,0.045
livecell/images/livecell_test_images/SkBr3_Phase_G3_2_03d04h00m_4.tif,326.5199264169205,925,47.820259266387986,598.4800735830795,0.005405405405405406,0.005405405405405406,0.005405405405405406
livecell/images/livecell_test_images/SkBr3_Phase_G3_1_00d04h00m_3.tif,87.08601008597907,167,31.451550554467435,79.91398991402093,0.017964071856287425,0.017964071856287425,0.017964071856287425
livecell/images/livecell_test_images/SkBr3_Phase_G3_2_03d04h00m_2.tif,257.8238346389844,991,58.709334737590545,733.1761653610156,0.0030272452068617556,0.0030272452068617556,0.0030272452068617556
livecell/images/livecell_test_images/SkBr3_Phase_G3_1_01d20h00m_3.tif,138.67503928892256,260,30.43204333220179,121.32496071107744,0.011538461538461539,0.011538461538461539,0.011538461538461539
livecell/images/livecell_test_images/SkBr3_Phase_G3_2_00d12h00m_1.tif,100.15511931914807,243,41.62691233173778,142.84488068085193,0.012345679012345678,0.012345679012345678,0.012345679012345678
livecell/images/livecell_test_images/SkBr3_Phase_G3_1_00d12h00m_2.tif,131.4418188959462,229,27.066276993851616,97.5581811040538,0.021834061135371178,0.021834061135371178,0.021834061135371178
livecell/images/livecell_test_images/SkBr3_Phase_G3_1_01d08h00m_4.tif,149.35079134475382,274,29.443480726539768,124.64920865524618,0.032846715328467155,0.032846715328467155,0.032846715328467155
livecell/images/livecell_test_images/SkBr3_Phase_G3_2_01d08h00m_1.tif,120.14326783801516,306,43.61367319139073,185.85673216198484,0.006535947712418301,0.006535947712418301,0.006535947712418301
livecell/images/livecell_test_images/SkBr3_Phase_G3_1_00d12h00m_3.tif,99.3362214653389,183,29.632676282356535,83.6637785346611,0.01639344262295082,0.01639344262295082,0.01639344262295082
livecell/images/livecell_test_images/SkBr3_Phase_G3_1_00d08h00m_2.tif,135.34372800128767,218,23.39259634414994,82.65627199871233,0.05504587155963303,0.05504587155963303,0.05504587155963303
livecell/images/livecell_test_images/SkBr3_Phase_G3_2_03d08h00m_2.tif,318.9800361309608,551,26.6695733503145,232.0199638690392,0.014519056261343012,0.014519056261343012,0.014519056261343012
livecell/images/livecell_test_images/SkBr3_Phase_G3_1_01d16h00m_2.tif,167.15966984325496,329,32.6185984056046,161.84033015674504,0.00911854103343465,0.00911854103343465,0.00911854103343465
livecell/images/livecell_test_images/SkBr3_Phase_G3_2_01d16h00m_4.tif,172.99253138329368,314,28.954749719914,141.00746861670632,0.028662420382165606,0.028662420382165606,0.028662420382165606
livecell/images/livecell_test_images/SKOV3_Phase_E4_2_01d20h00m_4.tif,72.6480478584308,160,37.546823601427306,87.3519521415692,0.0,0.0,0.0
livecell/images/livecell_test_images/SkBr3_Phase_G3_1_01d04h00m_2.tif,161.94872982701054,292,28.64888953925458,130.05127017298946,0.02054794520547945,0.02054794520547945,0.02054794520547945
livecell/images/livecell_test_images/SkBr3_Phase_G3_2_02d20h00m_3.tif,476.52572021758533,534,5.687562288868745,57.47427978241467,0.024344569288389514,0.024344569288389514,0.02434456928838951
livecell/images/livecell_test_images/SKOV3_Phase_E4_2_02d04h00m_2.tif,97.67354924776009,216,37.72280163118818,118.32645075223991,0.0,0.0,0.0
livecell/images/livecell_test_images/SkBr3_Phase_G3_2_02d00h00m_1.tif,204.94823796975834,411,33.452772380584086,206.05176203024166,0.0072992700729927005,0.0072992700729927005,0.0072992700729927005
livecell/images/livecell_test_images/SkBr3_Phase_G3_1_01d12h00m_1.tif,124.2937928716492,277,38.05346851631785,152.7062071283508,0.010830324909747292,0.010830324909747292,0.010830324909747292
livecell/images/livecell_test_images/SKOV3_Phase_E4_2_02d00h00m_3.tif,84.2731480803559,164,32.11255527876892,79.7268519196441,0.0,0.0,0.0
livecell/images/livecell_test_images/SkBr3_Phase_G3_1_02d16h00m_2.tif,275.71930269667064,497,28.636620895983057,221.28069730332936,0.01006036217303823,0.01006036217303823,0.01006036217303823
livecell/images/livecell_test_images/SkBr3_Phase_G3_1_02d00h00m_2.tif,271.1126644398464,375,16.078826693517872,103.88733556015359,0.016,0.016,0.016
livecell/images/livecell_test_images/SKOV3_Phase_E4_2_02d04h00m_4.tif,94.67646944668377,192,33.948907889496844,97.32353055331623,0.015625,0.015625,0.015625
livecell/images/livecell_test_images/SkBr3_Phase_G3_1_00d16h00m_4.tif,135.9235832151171,233,26.31342131583879,97.0764167848829,0.017167381974248927,0.017167381974248927,0.017167381974248927
livecell/images/livecell_test_images/SKOV3_Phase_F4_2_02d16h00m_3.tif,115.49931042885873,259,38.318011695885666,143.50068957114127,0.003861003861003861,0.003861003861003861,0.003861003861003861
livecell/images/livecell_test_images/SKOV3_Phase_F4_2_02d12h00m_2.tif,106.16047554447869,210,32.843929740646146,103.83952445552131,0.009523809523809525,0.009523809523809525,0.009523809523809525
livecell/images/livecell_test_images/SKOV3_Phase_F4_2_02d20h00m_2.tif,124.28980912014231,218,27.377441099032485,93.71019087985769,0.0045871559633027525,0.0045871559633027525,0.0045871559633027525
livecell/images/livecell_test_images/SKOV3_Phase_E4_2_01d20h00m_3.tif,87.65635343497706,156,28.04919535302056,68.34364656502294,0.01282051282051282,0.01282051282051282,0.01282051282051282
livecell/images/livecell_test_images/SkBr3_Phase_G3_1_00d04h00m_4.tif,105.440715189623,201,31.183612383636977,95.559284810377,0.05970149253731343,0.05970149253731343,0.05970149253731343
livecell/images/livecell_test_images/SKOV3_Phase_F4_2_03d00h00m_2.tif,143.1164834799565,245,26.250757403171477,101.88351652004349,0.00816326530612245,0.00816326530612245,0.00816326530612245
livecell/images/livecell_test_images/SkBr3_Phase_G3_1_00d08h00m_3.tif,102.32739583741932,186,29.019997881075994,83.67260416258068,0.021505376344086023,0.021505376344086023,0.021505376344086023
livecell/images/livecell_test_images/SKOV3_Phase_F4_2_02d12h00m_3.tif,102.9417447234373,227,37.60004826929384,124.0582552765627,0.004405286343612335,0.004405286343612335,0.004405286343612335
livecell/images/livecell_test_images/SkBr3_Phase_G3_1_01d04h00m_4.tif,150.48479165806202,261,26.857665357842563,110.51520834193798,0.038314176245210725,0.038314176245210725,0.038314176245210725
livecell/images/livecell_test_images/SkBr3_Phase_G3_2_00d20h00m_2.tif,108.26207996002631,249,39.39346713083032,140.7379200399737,0.028112449799196786,0.028112449799196786,0.028112449799196786
livecell/images/livecell_test_images/SkBr3_Phase_G3_2_01d08h00m_4.tif,137.2363170844692,270,32.60114025832153,132.7636829155308,0.022222222222222223,0.022222222222222223,0.022222222222222223
livecell/images/livecell_test_images/SkBr3_Phase_G3_2_01d04h00m_1.tif,118.77624438590283,300,43.274602617406174,181.22375561409717,0.0033333333333333335,0.0033333333333333335,0.003333333333333334
livecell/images/livecell_test_images/SKOV3_Phase_F4_2_03d00h00m_4.tif,143.0732237994962,250,27.202762672800723,106.92677620050381,0.004,0.004,0.004
livecell/images/livecell_test_images/SKOV3_Phase_F4_2_02d16h00m_2.tif,134.19510012462706,218,23.795021522365843,83.80489987537294,0.01834862385321101,0.01834862385321101,0.01834862385321101
livecell/images/livecell_test_images/SkBr3_Phase_G3_2_00d12h00m_4.tif,119.07837771604682,215,28.712310847451107,95.92162228395318,0.03255813953488372,0.03255813953488372,0.03255813953488372
livecell/images/livecell_test_images/SkBr3_Phase_G3_2_02d20h00m_2.tif,313.8973658934119,454,18.24496870666894,140.10263410658808,0.011013215859030838,0.011013215859030838,0.011013215859030838
livecell/images/livecell_test_images/SkBr3_Phase_G3_2_03d12h00m_4.tif,386.85673866723664,539,16.43270011208995,152.14326133276336,0.02411873840445269,0.02411873840445269,0.02411873840445269
livecell/images/livecell_test_images/SKOV3_Phase_F4_2_02d12h00m_4.tif,81.51848043595237,202,42.49512038114381,120.48151956404763,0.0,0.0,0.0
livecell/images/livecell_test_images/SkBr3_Phase_G3_1_01d04h00m_1.tif,113.97316506083007,257,38.554496230399096,143.02683493916993,0.007782101167315175,0.007782101167315175,0.007782101167315175
livecell/images/livecell_test_images/SkBr3_Phase_G3_1_01d00h00m_2.tif,208.33804196123674,270,12.8908747851086,61.66195803876326,0.05925925925925926,0.05925925925925926,0.05925925925925926
livecell/images/livecell_test_images/SkBr3_Phase_G3_1_03d00h00m_4.tif,483.7153211639961,467,1.7581836320393927,16.715321163996123,0.029978586723768737,0.029978586723768737,0.029978586723768737
livecell/images/livecell_test_images/SkBr3_Phase_G3_2_01d00h00m_1.tif,129.06573049166036,280,36.89731460196633,150.93426950833964,0.0035714285714285713,0.0035714285714285713,0.0035714285714285713
livecell/images/livecell_test_images/SkBr3_Phase_G3_1_03d04h00m_2.tif,321.56171770222136,531,24.565761979349187,209.43828229777864,0.005649717514124294,0.005649717514124294,0.005649717514124294
livecell/images/livecell_test_images/SkBr3_Phase_G3_2_01d04h00m_3.tif,136.24791674638982,314,39.47871309168816,177.75208325361018,0.022292993630573247,0.022292993630573247,0.02229299363057325
livecell/images/livecell_test_images/SkBr3_Phase_G3_1_03d00h00m_2.tif,412.29314998484915,515,11.07598498024373,102.70685001515085,0.009708737864077669,0.009708737864077669,0.009708737864077669
livecell/images/livecell_test_images/SkBr3_Phase_G3_2_01d12h00m_1.tif,127.43305048256298,335,44.885837917690914,207.56694951743702,0.008955223880597015,0.008955223880597015,0.008955223880597015
livecell/images/livecell_test_images/SkBr3_Phase_G3_2_03d04h00m_1.tif,228.1064348132786,1159,67.11046404395283,930.8935651867214,0.0025884383088869713,0.0025884383088869713,0.0025884383088869713
livecell/images/livecell_test_images/SkBr3_Phase_G3_2_00d08h00m_4.tif,107.72289586565603,197,29.29779985213313,89.27710413434397,0.025380710659898477,0.025380710659898477,0.025380710659898477
livecell/images/livecell_test_images/SkBr3_Phase_G3_2_02d20h00m_4.tif,393.990742588212,431,4.486020933481054,37.009257411787985,0.013921113689095127,0.013921113689095127,0.013921113689095127
livecell/images/livecell_test_images/SkBr3_Phase_G3_1_00d16h00m_2.tif,145.05872028566228,238,24.26293275480785,92.94127971433772,0.03361344537815126,0.03361344537815126,0.03361344537815126
livecell/images/livecell_test_images/SkBr3_Phase_G3_1_01d12h00m_4.tif,149.4197786891309,279,30.246087542306217,129.5802213108691,0.021505376344086023,0.021505376344086023,0.021505376344086023
livecell/images/livecell_test_images/SkBr3_Phase_G3_1_02d16h00m_3.tif,252.4979625142878,383,20.535398252009056,130.5020374857122,0.02349869451697128,0.02349869451697128,0.023498694516971282
livecell/images/livecell_test_images/SkBr3_Phase_G3_2_02d08h00m_1.tif,175.88577040169912,428,41.748662074053655,252.11422959830088,0.007009345794392523,0.007009345794392523,0.007009345794392523
livecell/images/livecell_test_images/SkBr3_Phase_G3_1_02d20h00m_4.tif,442.5906156191777,464,2.3615272441575246,21.409384380822303,0.023706896551724137,0.023706896551724137,0.023706896551724137
livecell/images/livecell_test_images/SKOV3_Phase_E4_2_01d20h00m_2.tif,82.02153874848591,217,45.14004637139122,134.9784612515141,0.0,0.0,0.0
livecell/images/livecell_test_images/SkBr3_Phase_G3_1_02d12h00m_3.tif,189.07351470176945,360,31.129981818749652,170.92648529823055,0.008333333333333333,0.008333333333333333,0.008333333333333333
livecell/images/livecell_test_images/SkBr3_Phase_G3_1_01d12h00m_2.tif,155.6493481710786,311,33.290660843689466,155.3506518289214,0.028938906752411574,0.028938906752411574,0.028938906752411574
livecell/images/livecell_test_images/SkBr3_Phase_G3_2_02d12h00m_3.tif,207.72436873351398,504,41.6278610487508,296.275631266486,0.015873015873015872,0.015873015873015872,0.015873015873015872
livecell/images/livecell_test_images/SkBr3_Phase_G3_1_02d00h00m_4.tif,284.49998240571585,360,11.714510419762357,75.50001759428415,0.027777777777777776,0.027777777777777776,0.027777777777777776
livecell/images/livecell_test_images/SkBr3_Phase_G3_1_01d20h00m_2.tif,166.19909434224246,340,34.334495577001235,173.80090565775754,0.01764705882352941,0.01764705882352941,0.01764705882352941
livecell/images/livecell_test_images/SKOV3_Phase_F4_2_02d20h00m_3.tif,131.72387552246073,239,28.93693434941441,107.27612447753927,0.0041841004184100415,0.0041841004184100415,0.0041841004184100415
livecell/images/livecell_test_images/SkBr3_Phase_G3_1_03d00h00m_1.tif,349.7700829868554,480,15.69469901160652,130.2299170131446,0.020833333333333332,0.020833333333333332,0.020833333333333332
livecell/images/livecell_test_images/SkBr3_Phase_G3_1_03d04h00m_3.tif,269.51991846843157,410,20.673431008202993,140.48008153156843,0.01951219512195122,0.01951219512195122,0.01951219512195122
livecell/images/livecell_test_images/SkBr3_Phase_G3_1_02d12h00m_4.tif,272.8809060723579,452,24.710140993803794,179.1190939276421,0.01991150442477876,0.01991150442477876,0.01991150442477876
livecell/images/livecell_test_images/SkBr3_Phase_G3_2_00d16h00m_1.tif,111.93556391288439,256,39.15480051861079,144.0644360871156,0.03125,0.03125,0.03125
livecell/images/livecell_test_images/SkBr3_Phase_G3_1_00d20h00m_1.tif,112.48716432527726,232,34.692972061471174,119.51283567472274,0.021551724137931036,0.021551724137931036,0.021551724137931036
livecell/images/livecell_test_images/SkBr3_Phase_G3_1_02d08h00m_2.tif,205.52372334162646,406,32.78307431196383,200.47627665837354,0.009852216748768473,0.009852216748768473,0.009852216748768473
livecell/images/livecell_test_images/SKOV3_Phase_E4_2_02d00h00m_4.tif,83.55838057705841,333,59.88155107511942,249.44161942294159,0.006006006006006006,0.006006006006006006,0.006006006006006007
livecell/images/livecell_test_images/SkBr3_Phase_G3_2_02d04h00m_1.tif,233.60904861826566,443,30.94711071472384,209.39095138173434,0.011286681715575621,0.011286681715575621,0.011286681715575621
livecell/images/livecell_test_images/SkBr3_Phase_G3_2_00d04h00m_1.tif,95.89187342239165,213,37.912336533849114,117.10812657760835,0.004694835680751174,0.004694835680751174,0.004694835680751174
livecell/images/livecell_test_images/SkBr3_Phase_G3_2_01d08h00m_2.tif,139.31604596586112,285,34.33383097792631,145.68395403413888,0.021052631578947368,0.021052631578947368,0.021052631578947368
livecell/images/livecell_test_images/SkBr3_Phase_G3_2_00d20h00m_4.tif,119.92214330503339,240,33.36217538391375,120.07785669496661,0.025,0.025,0.025000000000000005
livecell/images/livecell_test_images/SkBr3_Phase_G3_1_02d16h00m_4.tif,311.34018351644045,457,18.957724665254712,145.65981648355955,0.0175054704595186,0.0175054704595186,0.0175054704595186
livecell/images/livecell_test_images/SKOV3_Phase_F4_2_02d20h00m_4.tif,119.28819155367091,201,25.511964100192742,81.71180844632909,0.0,0.0,0.0
livecell/images/livecell_test_images/SkBr3_Phase_G3_2_01d08h00m_3.tif,170.08019843696093,344,33.831258642490965,173.91980156303907,0.014534883720930232,0.014534883720930232,0.014534883720930232
livecell/images/livecell_test_images/SKOV3_Phase_F4_2_03d00h00m_3.tif,161.53219087539765,271,25.308592385471133,109.46780912460235,0.007380073800738007,0.007380073800738007,0.007380073800738007
livecell/images/livecell_test_images/SkBr3_Phase_G3_1_02d04h00m_1.tif,171.70979849720607,367,36.25146638274981,195.29020150279393,0.013623978201634877,0.013623978201634877,0.013623978201634876
livecell/images/livecell_test_images/SkBr3_Phase_G3_1_01d20h00m_4.tif,161.68467905532452,329,34.098338115384834,167.31532094467548,0.00911854103343465,0.00911854103343465,0.00911854103343465
livecell/images/livecell_test_images/SkBr3_Phase_G3_1_01d08h00m_3.tif,121.17241826860118,224,29.79020810735288,102.82758173139882,0.004464285714285714,0.004464285714285714,0.004464285714285714
livecell/images/livecell_test_images/SkBr3_Phase_G3_1_02d08h00m_4.tif,224.9595694654563,400,28.008280709144145,175.0404305345437,0.0125,0.0125,0.012500000000000002
livecell/images/livecell_test_images/SkBr3_Phase_G3_2_02d04h00m_4.tif,265.1712237342872,349,13.64908889023107,83.8287762657128,0.03151862464183381,0.03151862464183381,0.03151862464183381
livecell/images/livecell_test_images/SkBr3_Phase_G3_1_02d04h00m_2.tif,226.36825558751298,386,26.067932646073324,159.63174441248702,0.015544041450777202,0.015544041450777202,0.015544041450777202
livecell/images/livecell_test_images/SkBr3_Phase_G3_1_02d04h00m_4.tif,307.9604880750412,378,10.210429484284926,70.03951192495879,0.042328042328042326,0.042328042328042326,0.042328042328042326
livecell/images/livecell_test_images/SkBr3_Phase_G3_2_03d12h00m_2.tif,372.37982079031644,564,20.463937277925716,191.62017920968356,0.010638297872340425,0.010638297872340425,0.010638297872340425
livecell/images/livecell_test_images/SkBr3_Phase_G3_2_01d16h00m_1.tif,136.7581967053775,360,44.93973220275318,223.2418032946225,0.005555555555555556,0.005555555555555556,0.005555555555555556
livecell/images/livecell_test_images/SkBr3_Phase_G3_1_02d20h00m_1.tif,237.79774395818822,472,32.99563263413357,234.20225604181178,0.014830508474576272,0.014830508474576272,0.014830508474576272
livecell/images/livecell_test_images/SKOV3_Phase_E4_2_02d08h00m_4.tif,89.48580795407906,218,41.79516215756978,128.51419204592094,0.0,0.0,0.0
livecell/images/livecell_test_images/SkBr3_Phase_G3_2_02d12h00m_1.tif,201.99099568375095,471,39.97215505728112,269.00900431624905,0.004246284501061571,0.004246284501061571,0.004246284501061571
livecell/images/livecell_test_images/SkBr3_Phase_G3_1_02d08h00m_3.tif,178.87360158143565,351,32.4844260791336,172.12639841856435,0.008547008547008548,0.008547008547008548,0.008547008547008548
livecell/images/livecell_test_images/SkBr3_Phase_G3_1_03d08h00m_3.tif,224.15376358796493,417,30.078001154176643,192.84623641203507,0.014388489208633094,0.014388489208633094,0.014388489208633094
livecell/images/livecell_test_images/SkBr3_Phase_G3_1_03d08h00m_1.tif,239.91711730942188,484,33.71696522355479,244.08288269057812,0.004132231404958678,0.004132231404958678,0.004132231404958678
livecell/images/livecell_test_images/SkBr3_Phase_G3_2_02d00h00m_2.tif,183.73691979217983,334,29.023056781064778,150.26308020782017,0.02694610778443114,0.02694610778443114,0.02694610778443114
livecell/images/livecell_test_images/SkBr3_Phase_G3_1_00d00h00m_4.tif,155.83049479246256,193,10.655463258638417,37.16950520753744,0.11398963730569948,0.11398963730569948,0.11398963730569948
livecell/images/livecell_test_images/SKOV3_Phase_E4_2_01d16h00m_4.tif,66.04021941594692,182,46.750394293756145,115.95978058405308,0.02197802197802198,0.02197802197802198,0.02197802197802198
livecell/images/livecell_test_images/SKOV3_Phase_E4_2_02d08h00m_3.tif,97.06772945087141,186,31.417311581807656,88.93227054912859,0.0,0.0,0.0
livecell/images/livecell_test_images/SkBr3_Phase_G3_2_01d00h00m_4.tif,142.0713629442107,234,24.444466160914967,91.9286370557893,0.038461538461538464,0.038461538461538464,0.038461538461538464
livecell/images/livecell_test_images/SkBr3_Phase_G3_2_00d04h00m_2.tif,109.61283496435499,189,26.585315746766664,79.38716503564501,0.06349206349206349,0.06349206349206349,0.06349206349206349
livecell/images/livecell_test_images/SkBr3_Phase_G3_1_00d20h00m_3.tif,118.3310382180498,216,29.213249928129848,97.6689617819502,0.037037037037037035,0.037037037037037035,0.037037037037037035
livecell/images/livecell_test_images/SKOV3_Phase_E4_2_02d00h00m_2.tif,87.48389384881739,386,63.04672873339558,298.5161061511826,0.0,0.0,0.0
livecell/images/livecell_test_images/SkBr3_Phase_G3_2_03d04h00m_3.tif,401.34657302481355,1183,49.33601273128417,781.6534269751864,0.00253592561284869,0.00253592561284869,0.00253592561284869
livecell/images/livecell_test_images/SKOV3_Phase_E4_2_01d16h00m_3.tif,73.84757386420097,141,31.25584568073558,67.15242613579903,0.0070921985815602835,0.0070921985815602835,0.0070921985815602835
livecell/images/livecell_test_images/SkBr3_Phase_G3_2_02d16h00m_1.tif,226.5898188596475,501,37.71495615076582,274.4101811403525,0.005988023952095809,0.005988023952095809,0.005988023952095809
livecell/images/livecell_test_images/SKOV3_Phase_F4_2_02d20h00m_1.tif,149.64042938382772,288,31.614896916853525,138.35957061617228,0.006944444444444444,0.006944444444444444,0.006944444444444444
livecell/images/livecell_test_images/SkBr3_Phase_G3_2_01d16h00m_3.tif,185.3694857290975,379,34.30917495845034,193.6305142709025,0.0158311345646438,0.0158311345646438,0.0158311345646438
livecell/images/livecell_test_images/SkBr3_Phase_G3_1_00d00h00m_2.tif,186.67210227358737,207,5.163662248102484,20.32789772641263,0.09178743961352658,0.09178743961352658,0.09178743961352658
livecell/images/livecell_test_images/SkBr3_Phase_G3_1_02d20h00m_3.tif,279.66098789359967,381,15.339033780320795,101.33901210640033,0.015748031496062992,0.015748031496062992,0.015748031496062992
livecell/images/livecell_test_images/SkBr3_Phase_G3_2_01d00h00m_2.tif,137.27276753327897,249,28.924439374850643,111.72723246672103,0.0321285140562249,0.0321285140562249,0.0321285140562249
livecell/images/livecell_test_images/SkBr3_Phase_G3_2_02d20h00m_1.tif,353.3946299746167,526,19.627748924321438,172.6053700253833,0.017110266159695818,0.017110266159695818,0.017110266159695818
livecell/images/livecell_test_images/SkBr3_Phase_G3_2_00d00h00m_3.tif,154.17081477590546,226,18.89392410788682,71.82918522409454,0.06637168141592921,0.06637168141592921,0.06637168141592921
livecell/images/livecell_test_images/SkBr3_Phase_G3_2_01d12h00m_3.tif,181.00322387927736,350,31.825941636682746,168.99677612072264,0.005714285714285714,0.005714285714285714,0.005714285714285713
livecell/images/livecell_test_images/SkBr3_Phase_G3_1_01d12h00m_3.tif,122.91800341126509,233,30.9290329608684,110.08199658873491,0.017167381974248927,0.017167381974248927,0.017167381974248927
livecell/images/livecell_test_images/SkBr3_Phase_G3_2_03d00h00m_1.tif,400.5006137400633,1083,46.00600632980414,682.4993862599367,0.007386888273314866,0.007386888273314866,0.007386888273314866
livecell/images/livecell_test_images/SkBr3_Phase_G3_2_01d12h00m_2.tif,142.0552612173051,285,33.47218773871003,142.9447387826949,0.014035087719298246,0.014035087719298246,0.014035087719298246
livecell/images/livecell_test_images/SkBr3_Phase_G3_2_00d20h00m_1.tif,114.95070221748756,267,39.808618468237206,152.04929778251244,0.00749063670411985,0.00749063670411985,0.00749063670411985
livecell/images/livecell_test_images/SkBr3_Phase_G3_1_00d12h00m_1.tif,101.6014053865947,215,35.817464068088036,113.3985946134053,0.009302325581395349,0.009302325581395349,0.009302325581395349
livecell/images/livecell_test_images/SKOV3_Phase_E4_2_02d08h00m_2.tif,87.69128584631835,235,45.65004405598898,147.30871415368165,0.00425531914893617,0.00425531914893617,0.00425531914893617
livecell/images/livecell_test_images/SkBr3_Phase_G3_1_01d00h00m_1.tif,125.56999731914402,236,30.541804767994517,110.43000268085598,0.01694915254237288,0.01694915254237288,0.01694915254237288
livecell/images/livecell_test_images/SkBr3_Phase_G3_2_02d08h00m_2.tif,163.60883103315427,373,39.02119325239143,209.39116896684573,0.02680965147453083,0.02680965147453083,0.026809651474530828
livecell/images/livecell_test_images/SkBr3_Phase_G3_2_02d12h00m_4.tif,213.44001672150625,401,30.525352869962074,187.55998327849375,0.0199501246882793,0.0199501246882793,0.0199501246882793
livecell/images/livecell_test_images/SkBr3_Phase_G3_1_00d04h00m_2.tif,107.8511217704363,207,31.490717794505734,99.1488782295637,0.024154589371980676,0.024154589371980676,0.024154589371980676
livecell/images/livecell_test_images/SkBr3_Phase_G3_2_02d00h00m_4.tif,286.55819551905734,317,5.043723158255328,30.441804480942665,0.04416403785488959,0.04416403785488959,0.04416403785488959
livecell/images/livecell_test_images/SkBr3_Phase_G3_1_03d12h00m_4.tif,504.5135225553531,516,1.1255585732842504,11.48647744464688,0.01937984496124031,0.01937984496124031,0.01937984496124031
livecell/images/livecell_test_images/SkBr3_Phase_G3_1_00d00h00m_3.tif,153.45389745075954,171,5.40788774217247,17.54610254924046,0.07602339181286549,0.07602339181286549,0.07602339181286549
livecell/images/livecell_test_images/SkBr3_Phase_G3_1_02d00h00m_3.tif,214.16235686258005,284,14.019052659309006,69.83764313741995,0.028169014084507043,0.028169014084507043,0.028169014084507043
livecell/images/livecell_test_images/SkBr3_Phase_G3_1_01d08h00m_1.tif,121.19919890648453,264,37.07193615638424,142.80080109351547,0.007575757575757576,0.007575757575757576,0.007575757575757576
livecell/images/livecell_test_images/SKOV3_Phase_F4_2_03d00h00m_1.tif,166.9024634023517,281,25.4737461658375,114.09753659764829,0.0035587188612099642,0.0035587188612099642,0.0035587188612099647
livecell/images/livecell_test_images/SkBr3_Phase_G3_2_00d08h00m_3.tif,123.45609943253658,246,33.168731212093626,122.54390056746342,0.04065040650406504,0.04065040650406504,0.04065040650406504
livecell/images/livecell_test_images/SkBr3_Phase_G3_2_02d16h00m_2.tif,181.66559715295443,425,40.11013711491132,243.33440284704557,0.007058823529411765,0.007058823529411765,0.007058823529411765
livecell/images/livecell_test_images/SKOV3_Phase_E4_2_01d16h00m_2.tif,73.81318548940908,164,37.92338693289458,90.18681451059092,0.0,0.0,0.0
livecell/images/livecell_test_images/SkBr3_Phase_G3_1_02d00h00m_1.tif,186.48842851468362,381,34.27586567613747,194.51157148531638,0.015748031496062992,0.015748031496062992,0.015748031496062992
livecell/images/livecell_test_images/SkBr3_Phase_G3_2_00d00h00m_2.tif,136.75532735131856,186,15.257586312457272,49.244672648681444,0.11827956989247312,0.11827956989247312,0.11827956989247312
livecell/images/livecell_test_images/SkBr3_Phase_G3_1_00d16h00m_1.tif,115.6675756687182,216,30.25089930150348,100.3324243312818,0.037037037037037035,0.037037037037037035,0.037037037037037035
livecell/images/livecell_test_images/SkBr3_Phase_G3_2_00d04h00m_4.tif,95.57415607754228,186,32.114397564794785,90.42584392245772,0.03225806451612903,0.03225806451612903,0.03225806451612903
livecell/images/livecell_test_images/SkBr3_Phase_G3_2_01d20h00m_3.tif,184.07783766342618,408,37.81971695145007,223.92216233657382,0.012254901960784314,0.012254901960784314,0.012254901960784314
livecell/images/livecell_test_images/SkBr3_Phase_G3_2_00d08h00m_2.tif,108.70181943803618,197,28.883760235473932,88.29818056196382,0.01015228426395939,0.01015228426395939,0.01015228426395939
livecell/images/livecell_test_images/SkBr3_Phase_G3_2_03d08h00m_3.tif,462.23819725812064,646,16.58143557914917,183.76180274187936,0.009287925696594427,0.009287925696594427,0.009287925696594427
livecell/images/livecell_test_images/SKOV3_Phase_E4_2_01d20h00m_1.tif,96.84275278812856,178,29.528610956110647,81.15724721187144,0.016853932584269662,0.016853932584269662,0.016853932584269662
livecell/images/livecell_test_images/SkBr3_Phase_G3_2_00d20h00m_3.tif,142.9711906221346,307,36.453180291626566,164.0288093778654,0.006514657980456026,0.006514657980456026,0.006514657980456026
livecell/images/livecell_test_images/SkBr3_Phase_G3_2_00d08h00m_1.tif,97.74181705992669,230,40.35438142331721,132.2581829400733,0.021739130434782608,0.021739130434782608,0.021739130434782608
livecell/images/livecell_test_images/SkBr3_Phase_G3_2_01d20h00m_1.tif,144.1684658960512,383,45.30459417711878,238.8315341039488,0.0026109660574412533,0.0026109660574412533,0.0026109660574412533
livecell/images/livecell_test_images/SkBr3_Phase_G3_1_00d00h00m_1.tif,120.57064364670077,194,23.342723752623556,73.42935635329923,0.061855670103092786,0.061855670103092786,0.061855670103092786
livecell/images/livecell_test_images/SkBr3_Phase_G3_1_00d04h00m_1.tif,83.59710369467939,197,40.41484919556243,113.40289630532061,0.025380710659898477,0.025380710659898477,0.025380710659898477
livecell/images/livecell_test_images/SkBr3_Phase_G3_2_02d16h00m_3.tif,341.86905772949103,531,21.6677336188863,189.13094227050897,0.005649717514124294,0.005649717514124294,0.005649717514124294
livecell/images/livecell_test_images/SKOV3_Phase_E4_2_02d04h00m_3.tif,77.87622593598644,171,37.41770581492423,93.12377406401356,0.005847953216374269,0.005847953216374269,0.005847953216374268
livecell/images/livecell_test_images/SkBr3_Phase_G3_2_02d04h00m_3.tif,340.5526647756051,424,10.91453068820139,83.44733522439492,0.04009433962264151,0.04009433962264151,0.04009433962264151
livecell/images/livecell_test_images/SkBr3_Phase_G3_1_02d16h00m_1.tif,192.31635862664552,416,36.770939693015954,223.68364137335448,0.01201923076923077,0.01201923076923077,0.01201923076923077
livecell/images/livecell_test_images/SkBr3_Phase_G3_1_02d04h00m_3.tif,219.45065536623588,304,16.152304666541795,84.54934463376412,0.03618421052631579,0.03618421052631579,0.03618421052631579
livecell/images/livecell_test_images/SkBr3_Phase_G3_2_03d00h00m_2.tif,388.50225618394325,947,41.819303653735865,558.4977438160568,0.006335797254487857,0.006335797254487857,0.006335797254487857
livecell/images/livecell_test_images/SKOV3_Phase_F4_2_02d12h00m_1.tif,107.21936371483753,276,44.04282566753493,168.78063628516247,0.010869565217391304,0.010869565217391304,0.010869565217391304
livecell/images/livecell_test_images/SkBr3_Phase_G3_1_00d16h00m_3.tif,100.4823046549136,187,30.094963740095242,86.5176953450864,0.026737967914438502,0.026737967914438502,0.026737967914438502
livecell/images/livecell_test_images/SkBr3_Phase_G3_2_00d12h00m_3.tif,135.37139489225956,267,32.71321142075365,131.62860510774044,0.018726591760299626,0.018726591760299626,0.018726591760299626
livecell/images/livecell_test_images/SkBr3_Phase_G3_1_00d12h00m_4.tif,128.09119431080762,206,23.319622610799257,77.90880568919238,0.02912621359223301,0.02912621359223301,0.02912621359223301
livecell/images/livecell_test_images/SkBr3_Phase_G3_2_00d16h00m_4.tif,130.81106994039874,228,27.086380048348307,97.18893005960126,0.03508771929824561,0.03508771929824561,0.03508771929824561
livecell/images/livecell_test_images/SkBr3_Phase_G3_2_02d12h00m_2.tif,173.1908414803329,400,39.56957126773096,226.8091585196671,0.0025,0.0025,0.0025
livecell/images/livecell_test_images/SkBr3_Phase_G3_2_00d00h00m_4.tif,147.9914195034653,189,12.169028088892635,41.008580496534705,0.10582010582010581,0.10582010582010581,0.10582010582010581
livecell/images/livecell_test_images/SkBr3_Phase_G3_2_01d20h00m_2.tif,149.6108057162346,333,37.99939663837418,183.3891942837654,0.021021021021021023,0.021021021021021023,0.021021021021021023
livecell/images/livecell_test_images/SkBr3_Phase_G3_1_01d00h00m_4.tif,178.20615648315288,247,16.17893872606071,68.79384351684712,0.06882591093117409,0.06882591093117409,0.06882591093117409
livecell/images/livecell_test_images/SkBr3_Phase_G3_2_03d12h00m_1.tif,384.9037176531565,654,25.901946231814595,269.0962823468435,0.010703363914373088,0.010703363914373088,0.010703363914373088
livecell/images/livecell_test_images/SkBr3_Phase_G3_2_00d16h00m_2.tif,107.80062289395573,233,36.73683928242161,125.19937710604427,0.02145922746781116,0.02145922746781116,0.02145922746781116
livecell/images/livecell_test_images/SkBr3_Phase_G3_1_03d04h00m_1.tif,198.43450591336295,502,43.339597281945615,303.56549408663705,0.00398406374501992,0.00398406374501992,0.00398406374501992
livecell/images/livecell_test_images/SkBr3_Phase_G3_1_01d16h00m_3.tif,133.79699699221237,241,28.60295142920132,107.20300300778763,0.02074688796680498,0.02074688796680498,0.02074688796680498
livecell/images/livecell_test_images/SkBr3_Phase_G3_2_01d16h00m_2.tif,165.39012954285135,319,31.712014983071533,153.60987045714865,0.012539184952978056,0.012539184952978056,0.012539184952978056
livecell/images/livecell_test_images/SkBr3_Phase_G3_2_03d00h00m_3.tif,537.7414147386735,1159,36.614806467549485,621.2585852613265,0.006902502157031924,0.006902502157031924,0.006902502157031924
livecell/images/livecell_test_images/SKOV3_Phase_F4_2_02d16h00m_4.tif,102.75348175299587,212,34.70859722935036,109.24651824700413,0.0,0.0,0.0
livecell/images/livecell_test_images/SkBr3_Phase_G3_1_01d00h00m_3.tif,139.61956571172777,221,22.56683830442138,81.38043428827223,0.04072398190045249,0.04072398190045249,0.04072398190045249
livecell/images/livecell_test_images/SkBr3_Phase_G3_1_03d04h00m_4.tif,412.93195419124095,482,7.717686857117147,69.06804580875905,0.022821576763485476,0.022821576763485476,0.022821576763485476
livecell/images/livecell_test_images/SkBr3_Phase_G3_2_00d00h00m_1.tif,119.89132626694482,207,26.64759408817131,87.10867373305518,0.024154589371980676,0.024154589371980676,0.024154589371980676
livecell/images/livecell_test_images/SkBr3_Phase_G3_2_01d00h00m_3.tif,223.61518495362543,311,16.345367192283298,87.38481504637457,0.02572347266881029,0.02572347266881029,0.02572347266881029
livecell/images/livecell_test_images/SkBr3_Phase_G3_1_02d12h00m_2.tif,235.7835627062159,477,33.841470246306024,241.2164372937841,0.014675052410901468,0.014675052410901468,0.014675052410901468
livecell/images/livecell_test_images/SkBr3_Phase_G3_2_03d08h00m_4.tif,364.1037262060563,506,16.3079722015051,141.8962737939437,0.015810276679841896,0.015810276679841896,0.015810276679841896
livecell/images/livecell_test_images/SkBr3_Phase_G3_1_01d08h00m_2.tif,157.09522182372166,310,32.73524776795587,152.90477817627834,0.02258064516129032,0.02258064516129032,0.02258064516129032
livecell/images/livecell_test_images/SkBr3_Phase_G3_1_00d20h00m_4.tif,141.90645844626124,254,28.313137904759362,112.09354155373876,0.011811023622047244,0.011811023622047244,0.011811023622047242
livecell/images/livecell_test_images/SkBr3_Phase_G3_1_03d12h00m_1.tif,271.35116304327676,531,32.360997143929914,259.64883695672324,0.0018832391713747645,0.0018832391713747645,0.0018832391713747645
livecell/images/livecell_test_images/SkBr3_Phase_G3_1_00d20h00m_2.tif,139.76330543294898,261,30.25144590922008,121.23669456705102,0.034482758620689655,0.034482758620689655,0.034482758620689655
livecell/images/livecell_test_images/SKOV3_Phase_E4_2_02d04h00m_1.tif,107.8910031594205,399,57.43029468388963,291.1089968405795,0.002506265664160401,0.002506265664160401,0.002506265664160401
livecell/images/livecell_test_images/SKOV3_Phase_F4_2_02d08h00m_1.tif,113.34710183943389,213,30.53586123451967,99.65289816056611,0.018779342723004695,0.018779342723004695,0.018779342723004695
livecell/images/livecell_test_images/SKOV3_Phase_E4_1_03d00h00m_2.tif,122.00259171863581,340,47.18532150878642,217.9974082813642,0.0029411764705882353,0.0029411764705882353,0.002941176470588235
livecell/images/livecell_test_images/SKOV3_Phase_F4_1_02d16h00m_2.tif,104.99657954530267,273,44.44575150833137,168.00342045469733,0.0,0.0,0.0
livecell/images/livecell_test_images/SKOV3_Phase_F4_2_02d12h00m_1.tif,107.21936371483753,276,44.04282566753493,168.78063628516247,0.010869565217391304,0.010869565217391304,0.010869565217391304
livecell/images/livecell_test_images/SKOV3_Phase_E4_2_01d08h00m_4.tif,75.51217653405183,122,23.53668734845494,46.48782346594817,0.0,0.0,0.0
livecell/images/livecell_test_images/SKOV3_Phase_F4_1_01d04h00m_2.tif,60.43809079633502,132,37.186977332570734,71.56190920366498,0.015151515151515152,0.015151515151515152,0.015151515151515152
livecell/images/livecell_test_images/SKOV3_Phase_E4_2_01d00h00m_1.tif,73.06342853868045,99,15.073843222581672,25.936571461319545,0.020202020202020204,0.020202020202020204,0.020202020202020204
livecell/images/livecell_test_images/SKOV3_Phase_F4_2_01d04h00m_2.tif,88.31436564147589,106,9.101557828799644,17.685634358524112,0.018867924528301886,0.018867924528301886,0.018867924528301886
livecell/images/livecell_test_images/SKOV3_Phase_F4_1_00d12h00m_1.tif,40.408784157549235,82,33.97731308965521,41.591215842450765,0.0,0.0,0.0
livecell/images/livecell_test_images/SKOV3_Phase_F4_2_00d08h00m_4.tif,50.80079482851943,57,5.750611747660816,6.199205171480571,0.07017543859649122,0.07017543859649122,0.07017543859649122
livecell/images/livecell_test_images/SKOV3_Phase_F4_2_02d04h00m_3.tif,90.21170188229007,179,32.980846485095086,88.78829811770993,0.0111731843575419,0.0111731843575419,0.0111731843575419
livecell/images/livecell_test_images/SKOV3_Phase_F4_2_02d04h00m_2.tif,98.15825071414292,169,26.51677389580498,70.84174928585708,0.005917159763313609,0.005917159763313609,0.00591715976331361
livecell/images/livecell_test_images/SKOV3_Phase_F4_1_00d04h00m_4.tif,30.722101517005285,47,20.94371892328873,16.277898482994715,0.02127659574468085,0.02127659574468085,0.02127659574468085
livecell/images/livecell_test_images/SKOV3_Phase_F4_1_02d12h00m_1.tif,83.97487565475603,251,49.86198562467397,167.02512434524397,0.0,0.0,0.0
livecell/images/livecell_test_images/SKOV3_Phase_E4_1_01d04h00m_2.tif,64.33173405603884,257,59.95930234215855,192.66826594396116,0.0,0.0,0.0
livecell/images/livecell_test_images/SKOV3_Phase_F4_1_02d04h00m_2.tif,54.357100328463275,207,58.40396127738683,152.64289967153672,0.004830917874396135,0.004830917874396135,0.004830917874396135
livecell/images/livecell_test_images/SKOV3_Phase_E4_1_02d20h00m_4.tif,117.53910527256812,258,37.402468279697445,140.46089472743188,0.015503875968992248,0.015503875968992248,0.015503875968992248
livecell/images/livecell_test_images/SKOV3_Phase_F4_1_03d00h00m_1.tif,110.12925727148104,302,46.555962563494575,191.87074272851896,0.006622516556291391,0.006622516556291391,0.006622516556291391
livecell/images/livecell_test_images/SKOV3_Phase_F4_2_02d16h00m_1.tif,128.55841640934523,268,35.16293635959978,139.44158359065477,0.0037313432835820895,0.0037313432835820895,0.0037313432835820895
livecell/images/livecell_test_images/SKOV3_Phase_E4_1_01d08h00m_3.tif,51.11877980425197,236,64.39189394779189,184.88122019574803,0.00423728813559322,0.00423728813559322,0.00423728813559322
livecell/images/livecell_test_images/SKOV3_Phase_F4_2_02d20h00m_1.tif,149.64042938382772,288,31.614896916853525,138.35957061617228,0.006944444444444444,0.006944444444444444,0.006944444444444444
livecell/images/livecell_test_images/SKOV3_Phase_E4_1_02d00h00m_3.tif,67.41645639026683,172,43.6826879766586,104.58354360973317,0.0,0.0,0.0
livecell/images/livecell_test_images/SKOV3_Phase_F4_2_02d08h00m_3.tif,99.33895042286895,203,34.2863694645181,103.66104957713105,0.0,0.0,0.0
livecell/images/livecell_test_images/SKOV3_Phase_E4_2_02d16h00m_2.tif,120.46540767352417,268,37.9788237027446,147.53459232647583,0.0,0.0,0.0
livecell/images/livecell_test_images/SKOV3_Phase_E4_2_02d08h00m_1.tif,116.77153112484666,236,33.797644751826105,119.22846887515334,0.0,0.0,0.0
livecell/images/livecell_test_images/SKOV3_Phase_F4_1_00d20h00m_2.tif,54.170179899829236,112,34.80156315352836,57.829820100170764,0.0,0.0,0.0
livecell/images/livecell_test_images/SKOV3_Phase_F4_2_01d00h00m_3.tif,89.10151633019268,92,1.600474545184188,2.8984836698073195,0.03260869565217391,0.03260869565217391,0.03260869565217391
livecell/images/livecell_test_images/SKOV3_Phase_F4_2_02d00h00m_4.tif,83.79892370494053,134,23.049276571755943,50.201076295059465,0.014925373134328358,0.014925373134328358,0.014925373134328358
livecell/images/livecell_test_images/SKOV3_Phase_E4_1_02d16h00m_2.tif,93.34101766400272,303,52.8986334979175,209.65898233599728,0.0033003300330033004,0.0033003300330033004,0.0033003300330033004
livecell/images/livecell_test_images/SKOV3_Phase_E4_2_00d12h00m_1.tif,55.76703246971374,80,17.848933639830445,24.23296753028626,0.0,0.0,0.0
livecell/images/livecell_test_images/SKOV3_Phase_F4_2_03d00h00m_2.tif,143.1164834799565,245,26.250757403171477,101.88351652004349,0.00816326530612245,0.00816326530612245,0.00816326530612245
livecell/images/livecell_test_images/SKOV3_Phase_E4_1_00d16h00m_4.tif,39.068887947250914,74,30.89365490977961,34.931112052749086,0.02702702702702703,0.02702702702702703,0.02702702702702703
livecell/images/livecell_test_images/SKOV3_Phase_E4_2_02d20h00m_1.tif,152.41675319281057,290,31.098109602379587,137.58324680718943,0.0034482758620689655,0.0034482758620689655,0.0034482758620689655
livecell/images/livecell_test_images/SKOV3_Phase_E4_2_02d04h00m_2.tif,97.67354924776009,216,37.72280163118818,118.32645075223991,0.0,0.0,0.0
livecell/images/livecell_test_images/SKOV3_Phase_F4_2_02d12h00m_4.tif,81.51848043595237,202,42.49512038114381,120.48151956404763,0.0,0.0,0.0
livecell/images/livecell_test_images/SKOV3_Phase_E4_1_01d16h00m_1.tif,74.47976188416942,219,49.24368112744681,144.52023811583058,0.0091324200913242,0.0091324200913242,0.0091324200913242
livecell/images/livecell_test_images/SKOV3_Phase_E4_2_03d00h00m_4.tif,136.0567580975403,281,34.75384083539073,144.9432419024597,0.0035587188612099642,0.0035587188612099642,0.0035587188612099647
livecell/images/livecell_test_images/SKOV3_Phase_F4_1_00d16h00m_3.tif,48.83714755215988,67,15.679644079341335,18.162852447840123,0.0,0.0,0.0
livecell/images/livecell_test_images/SKOV3_Phase_F4_2_01d12h00m_4.tif,76.38245074264705,116,20.5931201647649,39.61754925735295,0.02586206896551724,0.02586206896551724,0.02586206896551724
livecell/images/livecell_test_images/SKOV3_Phase_E4_2_00d20h00m_3.tif,53.50444588424216,73,15.410963606446876,19.49555411575784,0.0136986301369863,0.0136986301369863,0.0136986301369863
livecell/images/livecell_test_images/SKOV3_Phase_E4_2_00d00h00m_3.tif,31.42642922216328,48,20.866569151030152,16.57357077783672,0.08333333333333333,0.08333333333333333,0.08333333333333333
livecell/images/livecell_test_images/SKOV3_Phase_E4_1_01d20h00m_1.tif,87.77043438947294,227,44.23209755407174,139.22956561052706,0.004405286343612335,0.004405286343612335,0.004405286343612335
livecell/images/livecell_test_images/SKOV3_Phase_F4_2_01d16h00m_1.tif,77.0583108578794,140,28.997594652495085,62.941689142120595,0.0,0.0,0.0
livecell/images/livecell_test_images/SKOV3_Phase_E4_1_02d16h00m_4.tif,94.50577359191811,250,45.13544861290815,155.4942264080819,0.02,0.02,0.02
livecell/images/livecell_test_images/SKOV3_Phase_F4_1_03d00h00m_2.tif,112.72528561303625,332,49.305654857178226,219.27471438696375,0.0030120481927710845,0.0030120481927710845,0.0030120481927710845
livecell/images/livecell_test_images/SKOV3_Phase_E4_2_02d12h00m_1.tif,139.3181870129265,251,28.613017969202353,111.6818129870735,0.0,0.0,0.0
livecell/images/livecell_test_images/SKOV3_Phase_E4_1_01d12h00m_3.tif,54.203142372374714,133,42.09163191870289,78.79685762762529,0.007518796992481203,0.007518796992481203,0.007518796992481203
livecell/images/livecell_test_images/SKOV3_Phase_E4_2_01d08h00m_2.tif,70.04637733137133,145,34.854631637495764,74.95362266862867,0.0,0.0,0.0
livecell/images/livecell_test_images/SKOV3_Phase_F4_2_00d04h00m_1.tif,61.61187158862231,76,10.455586604031986,14.388128411377693,0.013157894736842105,0.013157894736842105,0.013157894736842105
livecell/images/livecell_test_images/SKOV3_Phase_F4_1_00d04h00m_2.tif,33.987178548446536,78,39.3016611562485,44.012821451553464,0.0,0.0,0.0
livecell/images/livecell_test_images/SKOV3_Phase_F4_2_00d00h00m_4.tif,32.9096242208343,51,21.559357400475587,18.090375779165697,0.0196078431372549,0.0196078431372549,0.0196078431372549
livecell/images/livecell_test_images/SKOV3_Phase_F4_2_00d04h00m_4.tif,37.190119147380756,55,19.318643925546162,17.809880852619244,0.03636363636363636,0.03636363636363636,0.03636363636363636
livecell/images/livecell_test_images/SKOV3_Phase_F4_1_02d12h00m_3.tif,107.11725156442844,216,33.69759674186283,108.88274843557156,0.004629629629629629,0.004629629629629629,0.004629629629629629
livecell/images/livecell_test_images/SKOV3_Phase_F4_1_00d08h00m_1.tif,41.55671443895699,79,31.058647985966925,37.44328556104301,0.012658227848101266,0.012658227848101266,0.012658227848101266
livecell/images/livecell_test_images/SKOV3_Phase_F4_2_01d08h00m_2.tif,77.6182034402591,117,20.23541265081595,39.381796559740906,0.03418803418803419,0.03418803418803419,0.03418803418803419
livecell/images/livecell_test_images/SKOV3_Phase_E4_2_00d00h00m_4.tif,28.962241996006924,46,22.72845308562228,17.037758003993076,0.10869565217391304,0.10869565217391304,0.10869565217391304
livecell/images/livecell_test_images/SKOV3_Phase_F4_2_00d20h00m_1.tif,57.47382429649224,92,23.098476182038784,34.52617570350776,0.03260869565217391,0.03260869565217391,0.03260869565217391
livecell/images/livecell_test_images/SKOV3_Phase_E4_2_01d08h00m_3.tif,58.792467982231756,94,23.04271439732391,35.207532017768244,0.010638297872340425,0.010638297872340425,0.010638297872340425
livecell/images/livecell_test_images/SKOV3_Phase_F4_1_00d12h00m_3.tif,42.42075416419175,64,20.27729083982492,21.57924583580825,0.03125,0.03125,0.03125
livecell/images/livecell_test_images/SKOV3_Phase_E4_2_02d00h00m_1.tif,100.32241055808845,194,31.82822173285477,93.67758944191155,0.015463917525773196,0.015463917525773196,0.015463917525773196
livecell/images/livecell_test_images/SKOV3_Phase_F4_1_02d12h00m_2.tif,80.30834133007738,235,49.06043970082771,154.69165866992262,0.0,0.0,0.0
livecell/images/livecell_test_images/SKOV3_Phase_F4_2_00d16h00m_4.tif,61.03747867724451,71,7.545222328205852,9.962521322755492,0.028169014084507043,0.028169014084507043,0.028169014084507043
livecell/images/livecell_test_images/SKOV3_Phase_F4_2_01d00h00m_4.tif,62.65759319700737,80,12.156665771756781,17.342406802992627,0.0625,0.0625,0.0625
livecell/images/livecell_test_images/SKOV3_Phase_E4_2_01d12h00m_3.tif,66.69748576588609,99,19.49487289128462,32.302514234113914,0.020202020202020204,0.020202020202020204,0.020202020202020204
livecell/images/livecell_test_images/SKOV3_Phase_F4_1_00d20h00m_1.tif,44.667045977530506,100,38.24848544364674,55.332954022469494,0.0,0.0,0.0
livecell/images/livecell_test_images/SKOV3_Phase_F4_1_02d00h00m_3.tif,70.06516414189173,181,44.18567435959074,110.93483585810827,0.016574585635359115,0.016574585635359115,0.016574585635359115
livecell/images/livecell_test_images/SKOV3_Phase_E4_1_02d12h00m_3.tif,100.28335399871139,227,38.717717981400156,126.71664600128861,0.0,0.0,0.0
livecell/images/livecell_test_images/SKOV3_Phase_E4_2_00d04h00m_1.tif,32.92659684495811,59,28.36328554511472,26.073403155041888,0.0,0.0,0.0
livecell/images/livecell_test_images/SKOV3_Phase_E4_1_01d00h00m_1.tif,75.26310431704042,146,31.96958476258341,70.73689568295958,0.02054794520547945,0.02054794520547945,0.02054794520547945
livecell/images/livecell_test_images/SKOV3_Phase_F4_1_01d08h00m_1.tif,35.633402435189055,115,52.6885778862752,79.36659756481095,0.0,0.0,0.0
livecell/images/livecell_test_images/SKOV3_Phase_F4_1_01d04h00m_3.tif,54.63184756069313,99,28.879528003969995,44.36815243930687,0.010101010101010102,0.010101010101010102,0.010101010101010102
livecell/images/livecell_test_images/SKOV3_Phase_F4_2_01d04h00m_4.tif,64.58724257642098,82,11.878767290749161,17.412757423579023,0.024390243902439025,0.024390243902439025,0.024390243902439025
livecell/images/livecell_test_images/SKOV3_Phase_F4_2_00d00h00m_3.tif,22.50732731042808,45,33.318861204711624,22.49267268957192,0.022222222222222223,0.022222222222222223,0.022222222222222223
livecell/images/livecell_test_images/SKOV3_Phase_E4_2_02d00h00m_3.tif,84.2731480803559,164,32.11255527876892,79.7268519196441,0.0,0.0,0.0
livecell/images/livecell_test_images/SKOV3_Phase_F4_1_00d16h00m_4.tif,36.70953963533793,44,9.032959917256182,7.290460364662067,0.022727272727272728,0.022727272727272728,0.022727272727272728
livecell/images/livecell_test_images/SKOV3_Phase_E4_2_00d16h00m_2.tif,70.28548578222399,80,6.464040201362586,9.714514217776014,0.0375,0.0375,0.0375
livecell/images/livecell_test_images/SKOV3_Phase_F4_2_00d00h00m_2.tif,36.53782590573792,46,11.46404571531643,9.462174094262082,0.043478260869565216,0.043478260869565216,0.043478260869565216
livecell/images/livecell_test_images/SKOV3_Phase_E4_1_02d12h00m_2.tif,87.56886884792038,279,52.222419146973245,191.43113115207962,0.0,0.0,0.0
livecell/images/livecell_test_images/SKOV3_Phase_F4_2_00d12h00m_1.tif,67.34828948810537,77,6.686404491609828,9.651710511894635,0.05194805194805195,0.05194805194805195,0.05194805194805195
livecell/images/livecell_test_images/SKOV3_Phase_E4_1_00d04h00m_1.tif,43.72124282379082,79,28.747066412018135,35.27875717620918,0.0,0.0,0.0
livecell/images/livecell_test_images/SKOV3_Phase_E4_2_01d20h00m_4.tif,72.6480478584308,160,37.546823601427306,87.3519521415692,0.0,0.0,0.0
livecell/images/livecell_test_images/SKOV3_Phase_E4_1_00d20h00m_3.tif,57.25829368770792,90,22.23420188592415,32.74170631229208,0.011111111111111112,0.011111111111111112,0.011111111111111112
livecell/images/livecell_test_images/SKOV3_Phase_F4_1_01d12h00m_4.tif,45.61114243596603,88,31.725540842784945,42.38885756403397,0.022727272727272728,0.022727272727272728,0.022727272727272728
livecell/images/livecell_test_images/SKOV3_Phase_E4_1_00d00h00m_1.tif,35.842183042108445,77,36.473786529398325,41.157816957891555,0.025974025974025976,0.025974025974025976,0.025974025974025976
livecell/images/livecell_test_images/SKOV3_Phase_E4_1_01d08h00m_1.tif,69.16519606743896,337,65.94233246122107,267.83480393256104,0.005934718100890208,0.005934718100890208,0.005934718100890208
livecell/images/livecell_test_images/SKOV3_Phase_E4_2_02d08h00m_4.tif,89.48580795407906,218,41.79516215756978,128.51419204592094,0.0,0.0,0.0
livecell/images/livecell_test_images/SKOV3_Phase_E4_2_00d20h00m_1.tif,81.40261820049636,98,9.25147133636298,16.597381799503637,0.0,0.0,0.0
livecell/images/livecell_test_images/SKOV3_Phase_F4_1_00d20h00m_3.tif,43.56981200522205,82,30.604639268855294,38.43018799477795,0.012195121951219513,0.012195121951219513,0.012195121951219513
livecell/images/livecell_test_images/SKOV3_Phase_E4_2_00d08h00m_3.tif,49.83969722791517,66,13.950574076768657,16.160302772084833,0.045454545454545456,0.045454545454545456,0.045454545454545456
livecell/images/livecell_test_images/SKOV3_Phase_F4_2_00d04h00m_2.tif,52.26844749270458,55,2.54646410118054,2.7315525072954188,0.01818181818181818,0.01818181818181818,0.01818181818181818
livecell/images/livecell_test_images/SKOV3_Phase_E4_1_01d08h00m_4.tif,45.48603157917023,114,42.95922830509382,68.51396842082977,0.008771929824561403,0.008771929824561403,0.008771929824561403
livecell/images/livecell_test_images/SKOV3_Phase_F4_1_01d00h00m_2.tif,56.20052430218857,107,31.12702971698124,50.79947569781143,0.018691588785046728,0.018691588785046728,0.018691588785046728
livecell/images/livecell_test_images/SKOV3_Phase_E4_2_01d04h00m_2.tif,88.13540394107258,133,20.288291815490016,44.86459605892742,0.022556390977443608,0.022556390977443608,0.022556390977443608
livecell/images/livecell_test_images/SKOV3_Phase_E4_2_01d16h00m_2.tif,73.81318548940908,164,37.92338693289458,90.18681451059092,0.0,0.0,0.0
livecell/images/livecell_test_images/SKOV3_Phase_F4_2_03d00h00m_3.tif,161.53219087539765,271,25.308592385471133,109.46780912460235,0.007380073800738007,0.007380073800738007,0.007380073800738007
livecell/images/livecell_test_images/SKOV3_Phase_F4_2_02d08h00m_4.tif,83.97936834368011,167,33.07866786190771,83.02063165631989,0.005988023952095809,0.005988023952095809,0.005988023952095809
livecell/images/livecell_test_images/SKOV3_Phase_F4_2_01d16h00m_2.tif,78.86756582638918,124,22.24723996157889,45.13243417361082,0.0,0.0,0.0
livecell/images/livecell_test_images/SKOV3_Phase_F4_2_00d00h00m_1.tif,55.32010644438196,65,8.045117180886615,9.679893555618037,0.07692307692307693,0.07692307692307693,0.07692307692307693
livecell/images/livecell_test_images/SKOV3_Phase_F4_2_02d16h00m_3.tif,115.49931042885873,259,38.318011695885666,143.50068957114127,0.003861003861003861,0.003861003861003861,0.003861003861003861
livecell/images/livecell_test_images/SKOV3_Phase_F4_1_02d08h00m_4.tif,76.09946398912871,162,36.07758479237626,85.90053601087129,0.006172839506172839,0.006172839506172839,0.006172839506172839
livecell/images/livecell_test_images/SKOV3_Phase_E4_1_01d00h00m_2.tif,54.19698247467022,216,59.88335474490286,161.80301752532978,0.0,0.0,0.0
livecell/images/livecell_test_images/SKOV3_Phase_F4_1_00d08h00m_2.tif,43.32662766764042,85,32.47445451484281,41.67337233235958,0.011764705882352941,0.011764705882352941,0.01176470588235294
livecell/images/livecell_test_images/SKOV3_Phase_E4_1_02d04h00m_3.tif,83.46248097305215,201,41.31916399832091,117.53751902694785,0.009950248756218905,0.009950248756218905,0.009950248756218905
livecell/images/livecell_test_images/SKOV3_Phase_E4_1_00d16h00m_1.tif,56.058302618435846,118,35.58675251323716,61.941697381564154,0.0,0.0,0.0
livecell/images/livecell_test_images/SKOV3_Phase_E4_1_01d20h00m_2.tif,65.30975382576435,194,49.628000596038255,128.69024617423565,0.0,0.0,0.0
livecell/images/livecell_test_images/SKOV3_Phase_E4_1_02d04h00m_4.tif,67.53904010954284,193,48.15438017953374,125.46095989045716,0.0051813471502590676,0.0051813471502590676,0.0051813471502590676
livecell/images/livecell_test_images/SKOV3_Phase_E4_1_01d08h00m_2.tif,53.5024364589226,148,46.89648681262534,94.4975635410774,0.0,0.0,0.0
livecell/images/livecell_test_images/SKOV3_Phase_E4_1_01d00h00m_4.tif,57.570790036639664,76,13.797335449094101,18.429209963360336,0.013157894736842105,0.013157894736842105,0.013157894736842105
livecell/images/livecell_test_images/SKOV3_Phase_F4_1_00d16h00m_1.tif,45.20689695541296,91,33.620252768534414,45.79310304458704,0.02197802197802198,0.02197802197802198,0.02197802197802198
livecell/images/livecell_test_images/SKOV3_Phase_E4_1_02d16h00m_3.tif,94.70656695256184,251,45.20985367017482,156.29343304743816,0.0,0.0,0.0
livecell/images/livecell_test_images/SKOV3_Phase_F4_1_02d04h00m_1.tif,73.56540755289825,197,45.62098073197663,123.43459244710175,0.0,0.0,0.0
livecell/images/livecell_test_images/SKOV3_Phase_E4_2_01d12h00m_1.tif,84.67360285462928,154,29.04652894840485,69.32639714537072,0.01948051948051948,0.01948051948051948,0.01948051948051948
livecell/images/livecell_test_images/SKOV3_Phase_F4_1_00d16h00m_2.tif,48.64193934093055,97,33.20338968150441,48.35806065906945,0.0,0.0,0.0
livecell/images/livecell_test_images/SKOV3_Phase_E4_2_00d08h00m_2.tif,74.43396629140625,71,2.3611858900455256,3.43396629140625,0.014084507042253521,0.014084507042253521,0.014084507042253521
livecell/images/livecell_test_images/SKOV3_Phase_E4_1_02d16h00m_1.tif,133.00750343641994,344,44.23253199238262,210.99249656358006,0.005813953488372093,0.005813953488372093,0.005813953488372092
livecell/images/livecell_test_images/SKOV3_Phase_E4_2_02d04h00m_4.tif,94.67646944668377,192,33.948907889496844,97.32353055331623,0.015625,0.015625,0.015625
livecell/images/livecell_test_images/SKOV3_Phase_E4_2_01d12h00m_4.tif,75.69602578861668,124,24.188750888069404,48.30397421138332,0.0,0.0,0.0
livecell/images/livecell_test_images/SKOV3_Phase_F4_2_02d00h00m_1.tif,97.68495646573137,166,25.90782745057619,68.31504353426863,0.006024096385542169,0.006024096385542169,0.006024096385542169
livecell/images/livecell_test_images/SKOV3_Phase_F4_1_00d20h00m_4.tif,44.20415862182199,55,10.882448405548237,10.795841378178011,0.01818181818181818,0.01818181818181818,0.01818181818181818
livecell/images/livecell_test_images/SKOV3_Phase_F4_1_02d20h00m_2.tif,109.69278201276757,289,44.97378083496139,179.30721798723243,0.0034602076124567475,0.0034602076124567475,0.003460207612456747
livecell/images/livecell_test_images/SKOV3_Phase_E4_1_01d20h00m_3.tif,58.16803248309225,161,46.919236510845046,102.83196751690775,0.012422360248447204,0.012422360248447204,0.012422360248447204
livecell/images/livecell_test_images/SKOV3_Phase_F4_1_02d00h00m_2.tif,58.847279664583766,193,53.26748834217469,134.15272033541623,0.0051813471502590676,0.0051813471502590676,0.0051813471502590676
livecell/images/livecell_test_images/SKOV3_Phase_F4_2_01d08h00m_3.tif,85.59398984925065,128,19.85355963465005,42.40601015074935,0.0,0.0,0.0
livecell/images/livecell_test_images/SKOV3_Phase_F4_2_00d12h00m_2.tif,60.7029839471943,64,2.6438950764817544,3.297016052805702,0.046875,0.046875,0.046875
livecell/images/livecell_test_images/SKOV3_Phase_E4_1_00d04h00m_2.tif,46.46760952342447,80,26.514607655618434,33.53239047657553,0.0,0.0,0.0
livecell/images/livecell_test_images/SKOV3_Phase_E4_2_02d12h00m_3.tif,84.1456855817014,190,38.612431267590274,105.8543144182986,0.005263157894736842,0.005263157894736842,0.005263157894736842
livecell/images/livecell_test_images/SKOV3_Phase_E4_1_02d08h00m_1.tif,106.69195537932683,316,49.51786802586262,209.30804462067317,0.0031645569620253164,0.0031645569620253164,0.0031645569620253164
livecell/images/livecell_test_images/SKOV3_Phase_E4_2_00d00h00m_1.tif,25.628853278483803,52,33.970805451567095,26.371146721516197,0.019230769230769232,0.019230769230769232,0.019230769230769232
livecell/images/livecell_test_images/SKOV3_Phase_F4_2_01d12h00m_3.tif,83.11714938592922,133,23.08139393648624,49.882850614070776,0.015037593984962405,0.015037593984962405,0.015037593984962405
livecell/images/livecell_test_images/SKOV3_Phase_F4_2_03d00h00m_1.tif,166.9024634023517,281,25.4737461658375,114.09753659764829,0.0035587188612099642,0.0035587188612099642,0.0035587188612099647
livecell/images/livecell_test_images/SKOV3_Phase_E4_2_01d00h00m_4.tif,82.48028440659255,90,4.359753707085165,7.519715593407454,0.05555555555555555,0.05555555555555555,0.05555555555555555
livecell/images/livecell_test_images/SKOV3_Phase_E4_1_00d12h00m_1.tif,61.34149419835376,105,26.24631094727675,43.65850580164624,0.009523809523809525,0.009523809523809525,0.009523809523809525
livecell/images/livecell_test_images/SKOV3_Phase_E4_2_00d04h00m_3.tif,46.1773528621452,52,5.930743667565183,5.822647137854801,0.019230769230769232,0.019230769230769232,0.019230769230769232
livecell/images/livecell_test_images/SKOV3_Phase_E4_2_00d04h00m_4.tif,51.345156044892065,55,3.4367752054123617,3.6548439551079355,0.05454545454545454,0.05454545454545454,0.05454545454545454
livecell/images/livecell_test_images/SKOV3_Phase_F4_2_02d08h00m_2.tif,90.2626921466217,183,33.93705416750385,92.7373078533783,0.00546448087431694,0.00546448087431694,0.00546448087431694
livecell/images/livecell_test_images/SKOV3_Phase_F4_2_01d04h00m_1.tif,73.6363560612881,112,20.666018635943324,38.3636439387119,0.017857142857142856,0.017857142857142856,0.017857142857142856
livecell/images/livecell_test_images/SKOV3_Phase_F4_1_02d16h00m_3.tif,125.5988312562622,238,30.913512113166874,112.4011687437378,0.008403361344537815,0.008403361344537815,0.008403361344537815
livecell/images/livecell_test_images/SKOV3_Phase_F4_1_00d00h00m_1.tif,32.63537495754281,63,31.750411451764084,30.36462504245719,0.031746031746031744,0.031746031746031744,0.031746031746031744
livecell/images/livecell_test_images/SKOV3_Phase_E4_1_02d20h00m_3.tif,124.51189010447706,260,35.236390182553,135.48810989552294,0.0038461538461538464,0.0038461538461538464,0.0038461538461538464
livecell/images/livecell_test_images/SKOV3_Phase_E4_2_00d20h00m_4.tif,74.81605544474587,83,5.185749024198282,8.18394455525413,0.012048192771084338,0.012048192771084338,0.012048192771084338
livecell/images/livecell_test_images/SKOV3_Phase_E4_1_01d04h00m_1.tif,62.733916260018304,143,39.01451214224534,80.2660837399817,0.006993006993006993,0.006993006993006993,0.006993006993006993
livecell/images/livecell_test_images/SKOV3_Phase_F4_2_00d20h00m_2.tif,71.55811011823243,76,3.0102648225898636,4.441889881767565,0.05263157894736842,0.05263157894736842,0.05263157894736842
livecell/images/livecell_test_images/SKOV3_Phase_E4_2_03d00h00m_2.tif,160.95979422716482,319,32.92780096868589,158.04020577283518,0.0,0.0,0.0
livecell/images/livecell_test_images/SKOV3_Phase_F4_1_01d16h00m_2.tif,63.50284172433021,160,43.17491336181308,96.49715827566979,0.0,0.0,0.0
livecell/images/livecell_test_images/SKOV3_Phase_F4_1_01d20h00m_2.tif,54.37796237517614,162,49.73798460964283,107.62203762482386,0.006172839506172839,0.006172839506172839,0.006172839506172839
livecell/images/livecell_test_images/SKOV3_Phase_F4_1_01d08h00m_3.tif,62.079137561075186,109,27.426408098517612,46.920862438924814,0.01834862385321101,0.01834862385321101,0.01834862385321101
livecell/images/livecell_test_images/SKOV3_Phase_E4_1_01d12h00m_2.tif,43.49871432552027,152,55.499743846814674,108.50128567447973,0.0,0.0,0.0
livecell/images/livecell_test_images/SKOV3_Phase_E4_1_00d20h00m_1.tif,66.83669331165947,119,28.06943330661802,52.163306688340526,0.008403361344537815,0.008403361344537815,0.008403361344537815
livecell/images/livecell_test_images/SKOV3_Phase_F4_1_01d00h00m_3.tif,59.28916457705054,87,18.942507124889726,27.710835422949458,0.04597701149425287,0.04597701149425287,0.04597701149425287
livecell/images/livecell_test_images/SKOV3_Phase_E4_1_03d00h00m_3.tif,128.38941408770916,280,37.12402444391707,151.61058591229084,0.0035714285714285713,0.0035714285714285713,0.0035714285714285713
livecell/images/livecell_test_images/SKOV3_Phase_F4_1_01d04h00m_4.tif,53.59428650054906,67,11.11637531798814,13.40571349945094,0.0,0.0,0.0
livecell/images/livecell_test_images/SKOV3_Phase_E4_2_02d12h00m_4.tif,109.79003293336427,202,29.574379334423057,92.20996706663573,0.024752475247524754,0.024752475247524754,0.024752475247524754
livecell/images/livecell_test_images/SKOV3_Phase_F4_1_02d16h00m_4.tif,79.1295369744912,208,44.88234278626575,128.8704630255088,0.004807692307692308,0.004807692307692308,0.004807692307692308
livecell/images/livecell_test_images/SKOV3_Phase_E4_2_01d12h00m_2.tif,69.87791904628466,139,33.09209574153157,69.12208095371534,0.0,0.0,0.0
livecell/images/livecell_test_images/SKOV3_Phase_E4_1_00d00h00m_2.tif,41.231323546326166,77,30.253130372560467,35.768676453673834,0.012987012987012988,0.012987012987012988,0.012987012987012988
livecell/images/livecell_test_images/SKOV3_Phase_E4_1_00d16h00m_3.tif,53.42390215058185,79,19.313807729615956,25.576097849418147,0.0,0.0,0.0
livecell/images/livecell_test_images/SKOV3_Phase_E4_1_00d20h00m_4.tif,38.782479028341186,81,35.245155480268465,42.217520971658814,0.0,0.0,0.0
livecell/images/livecell_test_images/SKOV3_Phase_E4_1_02d08h00m_3.tif,84.33694952794758,200,40.67816394037943,115.66305047205242,0.01,0.01,0.01
livecell/images/livecell_test_images/SKOV3_Phase_F4_1_02d00h00m_4.tif,67.44864668190348,134,33.03638640133637,66.55135331809652,0.0,0.0,0.0
livecell/images/livecell_test_images/SKOV3_Phase_E4_1_01d16h00m_3.tif,58.64112052410201,135,39.43319439033808,76.358879475898,0.0,0.0,0.0
livecell/images/livecell_test_images/SKOV3_Phase_F4_2_01d20h00m_4.tif,76.51316868581489,124,23.682649686012628,47.48683131418511,0.0,0.0,0.0
livecell/images/livecell_test_images/SKOV3_Phase_F4_1_02d00h00m_1.tif,60.371924544710055,174,48.48194837159927,113.62807545528995,0.0,0.0,0.0
livecell/images/livecell_test_images/SKOV3_Phase_E4_1_01d16h00m_2.tif,54.706402504918515,165,50.20044761445328,110.29359749508149,0.006060606060606061,0.006060606060606061,0.006060606060606061
livecell/images/livecell_test_images/SKOV3_Phase_F4_1_02d08h00m_2.tif,81.10316995396715,221,46.307633934244905,139.89683004603285,0.0,0.0,0.0
livecell/images/livecell_test_images/SKOV3_Phase_E4_1_02d00h00m_2.tif,78.62812832117197,212,45.89090273169957,133.37187167882803,0.0,0.0,0.0
livecell/images/livecell_test_images/SKOV3_Phase_F4_2_01d04h00m_3.tif,80.35218014621933,114,17.31280803151578,33.647819853780675,0.02631578947368421,0.02631578947368421,0.02631578947368421
livecell/images/livecell_test_images/SKOV3_Phase_F4_2_02d20h00m_2.tif,124.28980912014231,218,27.377441099032485,93.71019087985769,0.0045871559633027525,0.0045871559633027525,0.0045871559633027525
livecell/images/livecell_test_images/SKOV3_Phase_F4_1_00d04h00m_1.tif,21.32217439930173,75,55.72738150426076,53.67782560069827,0.0,0.0,0.0
livecell/images/livecell_test_images/SKOV3_Phase_F4_2_00d16h00m_3.tif,70.6904420202045,85,9.191031764132635,14.3095579797955,0.011764705882352941,0.011764705882352941,0.01176470588235294
livecell/images/livecell_test_images/SKOV3_Phase_E4_2_00d20h00m_2.tif,82.28829215335281,100,9.716316740598426,17.711707846647187,0.02,0.02,0.02
livecell/images/livecell_test_images/SKOV3_Phase_E4_2_00d00h00m_2.tif,40.68389554327587,64,22.272866648419058,23.316104456724133,0.046875,0.046875,0.046875
livecell/images/livecell_test_images/SKOV3_Phase_F4_1_00d04h00m_3.tif,26.91555675390373,56,35.0771850117583,29.08444324609627,0.017857142857142856,0.017857142857142856,0.017857142857142856
livecell/images/livecell_test_images/SKOV3_Phase_E4_2_01d20h00m_3.tif,87.65635343497706,156,28.04919535302056,68.34364656502294,0.01282051282051282,0.01282051282051282,0.01282051282051282
livecell/images/livecell_test_images/SKOV3_Phase_F4_2_02d04h00m_4.tif,91.18586074747145,156,26.220811763478487,64.81413925252855,0.0,0.0,0.0
livecell/images/livecell_test_images/SKOV3_Phase_E4_1_00d00h00m_3.tif,26.080125015123485,51,32.32983208056178,24.919874984876515,0.0196078431372549,0.0196078431372549,0.0196078431372549
livecell/images/livecell_test_images/SKOV3_Phase_F4_2_00d20h00m_3.tif,62.765123775952816,78,10.82290542954063,15.234876224047184,0.01282051282051282,0.01282051282051282,0.01282051282051282
livecell/images/livecell_test_images/SKOV3_Phase_F4_2_00d04h00m_3.tif,39.39931556535521,58,19.097346143221795,18.60068443464479,0.05172413793103448,0.05172413793103448,0.05172413793103448
livecell/images/livecell_test_images/SKOV3_Phase_F4_1_00d00h00m_2.tif,29.315699032238626,54,29.62743066971075,24.684300967761374,0.018518518518518517,0.018518518518518517,0.018518518518518517
livecell/images/livecell_test_images/SKOV3_Phase_E4_1_02d20h00m_2.tif,101.11900291337224,335,53.62779322254947,233.88099708662776,0.0,0.0,0.0
livecell/images/livecell_test_images/SKOV3_Phase_F4_1_00d12h00m_4.tif,44.13800114498008,50,6.2270271130911,5.86199885501992,0.0,0.0,0.0
livecell/images/livecell_test_images/SKOV3_Phase_E4_1_01d00h00m_3.tif,64.908825213206,192,49.469369018881444,127.091174786794,0.010416666666666666,0.010416666666666666,0.010416666666666666
livecell/images/livecell_test_images/SKOV3_Phase_E4_2_02d20h00m_2.tif,156.5412697694701,306,32.312517822468024,149.4587302305299,0.0,0.0,0.0
livecell/images/livecell_test_images/SKOV3_Phase_E4_2_02d00h00m_4.tif,83.55838057705841,333,59.88155107511942,249.44161942294159,0.006006006006006006,0.006006006006006006,0.006006006006006007
livecell/images/livecell_test_images/SKOV3_Phase_F4_2_02d00h00m_2.tif,84.69621547056158,164,31.887813161686683,79.30378452943842,0.0,0.0,0.0
livecell/images/livecell_test_images/SKOV3_Phase_F4_1_01d00h00m_1.tif,57.480264987254486,105,29.2464657270673,47.519735012745514,0.009523809523809525,0.009523809523809525,0.009523809523809525
livecell/images/livecell_test_images/SKOV3_Phase_F4_2_01d16h00m_4.tif,69.74597702088067,119,26.09540280356303,49.25402297911933,0.0,0.0,0.0
livecell/images/livecell_test_images/SKOV3_Phase_F4_2_00d16h00m_1.tif,69.99795807847477,87,10.829466911300104,17.002041921525233,0.0,0.0,0.0
livecell/images/livecell_test_images/SKOV3_Phase_E4_2_01d04h00m_4.tif,81.02292456293071,114,16.90933284431807,32.97707543706929,0.02631578947368421,0.02631578947368421,0.02631578947368421
livecell/images/livecell_test_images/SKOV3_Phase_E4_2_02d04h00m_1.tif,107.8910031594205,399,57.43029468388963,291.1089968405795,0.002506265664160401,0.002506265664160401,0.002506265664160401
livecell/images/livecell_test_images/SKOV3_Phase_E4_1_00d12h00m_2.tif,49.05648202939847,97,32.82532709568576,47.94351797060153,0.020618556701030927,0.020618556701030927,0.020618556701030927
livecell/images/livecell_test_images/SKOV3_Phase_E4_2_01d00h00m_3.tif,62.648063782609825,81,12.775623794806679,18.351936217390175,0.0,0.0,0.0
livecell/images/livecell_test_images/SKOV3_Phase_E4_2_00d08h00m_1.tif,46.97046162855622,55,7.87437679814833,8.029538371443778,0.01818181818181818,0.01818181818181818,0.01818181818181818
livecell/images/livecell_test_images/SKOV3_Phase_F4_1_01d08h00m_2.tif,60.60260481643854,141,39.87914504218048,80.39739518356146,0.0,0.0,0.0
livecell/images/livecell_test_images/SKOV3_Phase_F4_2_01d16h00m_3.tif,77.70622328908212,131,25.53530789405349,53.29377671091788,0.007633587786259542,0.007633587786259542,0.007633587786259542
livecell/images/livecell_test_images/SKOV3_Phase_F4_2_00d12h00m_4.tif,57.336582302123134,64,5.49168072105841,6.663417697876866,0.046875,0.046875,0.046875
livecell/images/livecell_test_images/SKOV3_Phase_F4_2_02d00h00m_3.tif,91.33125890269002,160,27.32200578516062,68.66874109730998,0.0125,0.0125,0.012500000000000002
livecell/images/livecell_test_images/SKOV3_Phase_F4_2_02d16h00m_2.tif,134.19510012462706,218,23.795021522365843,83.80489987537294,0.01834862385321101,0.01834862385321101,0.01834862385321101
livecell/images/livecell_test_images/SKOV3_Phase_E4_2_03d00h00m_1.tif,168.89921793517715,303,28.41725032976082,134.10078206482285,0.0033003300330033004,0.0033003300330033004,0.0033003300330033004
livecell/images/livecell_test_images/SKOV3_Phase_F4_2_01d20h00m_3.tif,82.81119025037333,138,24.993665260827225,55.18880974962667,0.0,0.0,0.0
livecell/images/livecell_test_images/SKOV3_Phase_E4_1_03d00h00m_4.tif,127.1991235411042,300,40.449726353960855,172.8008764588958,0.0,0.0,0.0
livecell/images/livecell_test_images/SKOV3_Phase_F4_2_02d12h00m_2.tif,106.16047554447869,210,32.843929740646146,103.83952445552131,0.009523809523809525,0.009523809523809525,0.009523809523809525
livecell/images/livecell_test_images/SKOV3_Phase_F4_2_02d04h00m_1.tif,103.71344301919453,192,29.855442511984435,88.28655698080547,0.0,0.0,0.0
livecell/images/livecell_test_images/SKOV3_Phase_F4_1_02d08h00m_3.tif,104.15576228342252,209,33.479900530039714,104.84423771657748,0.009569377990430622,0.009569377990430622,0.009569377990430622
livecell/images/livecell_test_images/SKOV3_Phase_F4_2_03d00h00m_4.tif,143.0732237994962,250,27.202762672800723,106.92677620050381,0.004,0.004,0.004
livecell/images/livecell_test_images/SKOV3_Phase_E4_1_01d12h00m_4.tif,48.074750526440766,125,44.44625760810055,76.92524947355923,0.0,0.0,0.0
livecell/images/livecell_test_images/SKOV3_Phase_E4_2_00d12h00m_3.tif,74.18199839598674,75,0.5483246053870178,0.8180016040132614,0.04,0.04,0.04
livecell/images/livecell_test_images/SKOV3_Phase_E4_2_00d12h00m_4.tif,58.92401075500675,61,1.7310872375960633,2.075989244993252,0.03278688524590164,0.03278688524590164,0.03278688524590164
livecell/images/livecell_test_images/SKOV3_Phase_E4_2_01d20h00m_1.tif,96.84275278812856,178,29.528610956110647,81.15724721187144,0.016853932584269662,0.016853932584269662,0.016853932584269662
livecell/images/livecell_test_images/SKOV3_Phase_E4_2_00d04h00m_2.tif,51.030189594530384,70,15.673618680612975,18.969810405469616,0.04285714285714286,0.04285714285714286,0.04285714285714286
livecell/images/livecell_test_images/SKOV3_Phase_F4_2_01d00h00m_2.tif,77.84856781979761,91,7.788891756688255,13.151432180202391,0.04395604395604396,0.04395604395604396,0.04395604395604396
livecell/images/livecell_test_images/SKOV3_Phase_E4_1_00d04h00m_3.tif,44.579837796140055,59,13.921784886592398,14.420162203859945,0.03389830508474576,0.03389830508474576,0.03389830508474576
livecell/images/livecell_test_images/SKOV3_Phase_E4_1_01d20h00m_4.tif,72.49369064971324,143,32.718502865541126,70.50630935028676,0.0,0.0,0.0
livecell/images/livecell_test_images/SKOV3_Phase_E4_2_01d04h00m_3.tif,64.34821748600734,92,17.686023517644134,27.651782513992657,0.010869565217391304,0.010869565217391304,0.010869565217391304
livecell/images/livecell_test_images/SKOV3_Phase_E4_1_00d08h00m_4.tif,46.08999989683434,79,26.309057582786448,32.91000010316566,0.0,0.0,0.0
livecell/images/livecell_test_images/SKOV3_Phase_E4_1_00d00h00m_4.tif,35.23913168927356,63,28.25846262417399,27.760868310726437,0.0,0.0,0.0
livecell/images/livecell_test_images/SKOV3_Phase_F4_1_02d20h00m_4.tif,114.91456766086776,283,42.24158801906119,168.08543233913224,0.0035335689045936395,0.0035335689045936395,0.0035335689045936395
livecell/images/livecell_test_images/SKOV3_Phase_E4_2_00d08h00m_4.tif,60.4964343288666,68,5.839512754049808,7.503565671133401,0.029411764705882353,0.029411764705882353,0.029411764705882353
livecell/images/livecell_test_images/SKOV3_Phase_E4_2_02d20h00m_4.tif,125.43010972768388,501,59.95399717225926,375.5698902723161,0.003992015968063872,0.003992015968063872,0.003992015968063872
livecell/images/livecell_test_images/SKOV3_Phase_F4_1_01d16h00m_4.tif,46.52801512997394,87,30.309733002944224,40.47198487002606,0.04597701149425287,0.04597701149425287,0.04597701149425287
livecell/images/livecell_test_images/SKOV3_Phase_E4_1_00d08h00m_2.tif,43.00225464984396,101,40.27558144223743,57.99774535015604,0.009900990099009901,0.009900990099009901,0.009900990099009901
livecell/images/livecell_test_images/SKOV3_Phase_F4_1_03d00h00m_4.tif,113.82861805956782,272,40.99524362291141,158.17138194043218,0.0,0.0,0.0
livecell/images/livecell_test_images/SKOV3_Phase_F4_1_01d12h00m_3.tif,64.20653983880402,125,32.13073935657268,60.79346016119598,0.048,0.048,0.048
livecell/images/livecell_test_images/SKOV3_Phase_F4_2_01d20h00m_1.tif,99.75891153987322,155,21.683672663784638,55.241088460126775,0.0064516129032258064,0.0064516129032258064,0.0064516129032258064
livecell/images/livecell_test_images/SKOV3_Phase_E4_1_01d04h00m_3.tif,42.96834888812009,215,66.68711563002226,172.0316511118799,0.009302325581395349,0.009302325581395349,0.009302325581395349
livecell/images/livecell_test_images/SKOV3_Phase_E4_2_00d12h00m_2.tif,67.63481686658633,88,13.085236031004014,20.365183133413666,0.011363636363636364,0.011363636363636364,0.011363636363636364
livecell/images/livecell_test_images/SKOV3_Phase_E4_1_02d00h00m_4.tif,65.65791528042246,175,45.434651335763704,109.34208471957754,0.011428571428571429,0.011428571428571429,0.011428571428571427
livecell/images/livecell_test_images/SKOV3_Phase_E4_2_01d16h00m_1.tif,99.4953872551705,155,21.809673386801958,55.5046127448295,0.0064516129032258064,0.0064516129032258064,0.0064516129032258064
livecell/images/livecell_test_images/SKOV3_Phase_F4_2_01d20h00m_2.tif,88.76741646537994,157,27.763071490899467,68.23258353462006,0.006369426751592357,0.006369426751592357,0.006369426751592357
livecell/images/livecell_test_images/SKOV3_Phase_E4_1_02d08h00m_4.tif,84.17833654944843,219,44.469425152533,134.82166345055157,0.0091324200913242,0.0091324200913242,0.0091324200913242
livecell/images/livecell_test_images/SKOV3_Phase_E4_1_01d04h00m_4.tif,48.84897157232626,99,33.92044455523341,50.15102842767374,0.0,0.0,0.0
livecell/images/livecell_test_images/SKOV3_Phase_E4_1_00d16h00m_2.tif,51.85754195181289,99,31.249652777217733,47.14245804818711,0.010101010101010102,0.010101010101010102,0.010101010101010102
livecell/images/livecell_test_images/SKOV3_Phase_F4_1_01d16h00m_3.tif,69.64549259272826,139,33.24035738584122,69.35450740727174,0.014388489208633094,0.014388489208633094,0.014388489208633094
livecell/images/livecell_test_images/SKOV3_Phase_E4_1_00d04h00m_4.tif,42.89689144231306,72,25.329761486453183,29.103108557686937,0.027777777777777776,0.027777777777777776,0.027777777777777776
livecell/images/livecell_test_images/SKOV3_Phase_F4_1_03d00h00m_3.tif,136.98144473585853,278,33.98189414321928,141.01855526414147,0.0035971223021582736,0.0035971223021582736,0.0035971223021582736
livecell/images/livecell_test_images/SKOV3_Phase_F4_2_02d20h00m_4.tif,119.28819155367091,201,25.511964100192742,81.71180844632909,0.0,0.0,0.0
livecell/images/livecell_test_images/SKOV3_Phase_F4_2_00d12h00m_3.tif,63.10745877466252,76,9.26804453111451,12.892541225337482,0.039473684210526314,0.039473684210526314,0.039473684210526314
livecell/images/livecell_test_images/SKOV3_Phase_F4_1_00d08h00m_3.tif,41.673576999681245,62,19.606175062698235,20.326423000318755,0.06451612903225806,0.06451612903225806,0.06451612903225806
livecell/images/livecell_test_images/SKOV3_Phase_E4_1_00d20h00m_2.tif,52.111155119055184,110,35.70935315242864,57.888844880944816,0.00909090909090909,0.00909090909090909,0.00909090909090909
livecell/images/livecell_test_images/SKOV3_Phase_E4_2_01d04h00m_1.tif,78.11825200220483,124,22.70044765541247,45.88174799779517,0.03225806451612903,0.03225806451612903,0.03225806451612903
livecell/images/livecell_test_images/SKOV3_Phase_F4_2_02d20h00m_3.tif,131.72387552246073,239,28.93693434941441,107.27612447753927,0.0041841004184100415,0.0041841004184100415,0.0041841004184100415
livecell/images/livecell_test_images/SKOV3_Phase_E4_1_00d08h00m_3.tif,57.26207561920455,80,16.56533625782805,22.737924380795448,0.0125,0.0125,0.012500000000000002
livecell/images/livecell_test_images/SKOV3_Phase_F4_1_00d00h00m_3.tif,25.20151695632194,48,31.144823210810667,22.79848304367806,0.125,0.125,0.125
livecell/images/livecell_test_images/SKOV3_Phase_F4_2_00d08h00m_2.tif,68.077965347813,71,2.1010047457046315,2.922034652186994,0.014084507042253521,0.014084507042253521,0.014084507042253521
livecell/images/livecell_test_images/SKOV3_Phase_F4_2_02d12h00m_3.tif,102.9417447234373,227,37.60004826929384,124.0582552765627,0.004405286343612335,0.004405286343612335,0.004405286343612335
livecell/images/livecell_test_images/SKOV3_Phase_F4_1_02d04h00m_4.tif,67.20474281211136,144,36.36057418284685,76.79525718788864,0.0,0.0,0.0
livecell/images/livecell_test_images/SKOV3_Phase_E4_1_03d00h00m_1.tif,156.97028646258696,426,46.148100475216665,269.02971353741304,0.004694835680751174,0.004694835680751174,0.004694835680751174
livecell/images/livecell_test_images/SKOV3_Phase_F4_2_01d08h00m_4.tif,72.46386077471834,101,16.450769109965922,28.53613922528166,0.019801980198019802,0.019801980198019802,0.019801980198019802
livecell/images/livecell_test_images/SKOV3_Phase_F4_2_01d00h00m_1.tif,65.00892793829553,89,15.577715125266387,23.99107206170447,0.033707865168539325,0.033707865168539325,0.033707865168539325
livecell/images/livecell_test_images/SKOV3_Phase_F4_1_01d16h00m_1.tif,50.81680003281144,159,51.56079015134666,108.18319996718856,0.0,0.0,0.0
livecell/images/livecell_test_images/SKOV3_Phase_E4_2_02d20h00m_3.tif,109.9211808409018,527,65.48358442224288,417.0788191590982,0.0018975332068311196,0.0018975332068311196,0.0018975332068311194
livecell/images/livecell_test_images/SKOV3_Phase_F4_1_01d20h00m_1.tif,41.99004832533683,151,56.484752773830834,109.00995167466317,0.006622516556291391,0.006622516556291391,0.006622516556291391
livecell/images/livecell_test_images/SKOV3_Phase_F4_1_00d12h00m_2.tif,52.501137189752626,95,28.812566207930164,42.498862810247374,0.0,0.0,0.0
livecell/images/livecell_test_images/SKOV3_Phase_E4_2_01d20h00m_2.tif,82.02153874848591,217,45.14004637139122,134.9784612515141,0.0,0.0,0.0
livecell/images/livecell_test_images/SKOV3_Phase_E4_2_03d00h00m_3.tif,117.05183279475023,554,65.11392203274049,436.9481672052498,0.0018050541516245488,0.0018050541516245488,0.0018050541516245488
livecell/images/livecell_test_images/SKOV3_Phase_F4_2_01d08h00m_1.tif,76.35187062370096,114,19.778176727626768,37.64812937629904,0.02631578947368421,0.02631578947368421,0.02631578947368421
livecell/images/livecell_test_images/SKOV3_Phase_F4_2_00d08h00m_1.tif,63.31806234276155,78,10.389285993483249,14.68193765723845,0.01282051282051282,0.01282051282051282,0.01282051282051282
livecell/images/livecell_test_images/SKOV3_Phase_F4_1_02d04h00m_3.tif,80.61287017599534,184,39.071088928985716,103.38712982400466,0.0,0.0,0.0
livecell/images/livecell_test_images/SKOV3_Phase_F4_1_02d08h00m_1.tif,67.8160117492771,205,50.284434323010885,137.1839882507229,0.0,0.0,0.0
livecell/images/livecell_test_images/SKOV3_Phase_E4_1_02d04h00m_2.tif,86.06088728081522,229,45.3687266460919,142.93911271918478,0.004366812227074236,0.004366812227074236,0.004366812227074236
livecell/images/livecell_test_images/SKOV3_Phase_E4_2_02d16h00m_4.tif,106.91395739061409,492,64.29738994348251,385.0860426093859,0.0,0.0,0.0
livecell/images/livecell_test_images/SKOV3_Phase_E4_2_00d16h00m_4.tif,59.40863763573361,73,10.264709770413374,13.591362364266388,0.0,0.0,0.0
livecell/images/livecell_test_images/SKOV3_Phase_E4_2_02d08h00m_3.tif,97.06772945087141,186,31.417311581807656,88.93227054912859,0.0,0.0,0.0
livecell/images/livecell_test_images/SKOV3_Phase_E4_2_01d16h00m_4.tif,66.04021941594692,182,46.750394293756145,115.95978058405308,0.02197802197802198,0.02197802197802198,0.02197802197802198
livecell/images/livecell_test_images/SKOV3_Phase_F4_1_00d00h00m_4.tif,18.442176528526034,38,34.65107951956705,19.557823471473966,0.02631578947368421,0.02631578947368421,0.02631578947368421
livecell/images/livecell_test_images/SKOV3_Phase_E4_1_02d00h00m_1.tif,90.97502026022994,265,48.88685155844695,174.02497973977006,0.0,0.0,0.0
livecell/images/livecell_test_images/SKOV3_Phase_F4_1_01d04h00m_1.tif,52.112989048713644,108,34.90473276611118,55.887010951286356,0.009259259259259259,0.009259259259259259,0.009259259259259259
livecell/images/livecell_test_images/SKOV3_Phase_E4_2_02d08h00m_2.tif,87.69128584631835,235,45.65004405598898,147.30871415368165,0.00425531914893617,0.00425531914893617,0.00425531914893617
livecell/images/livecell_test_images/SKOV3_Phase_F4_1_01d12h00m_2.tif,46.20824009849821,148,52.41371831075511,101.79175990150179,0.0,0.0,0.0
livecell/images/livecell_test_images/SKOV3_Phase_E4_2_02d04h00m_3.tif,77.87622593598644,171,37.41770581492423,93.12377406401356,0.005847953216374269,0.005847953216374269,0.005847953216374268
livecell/images/livecell_test_images/SKOV3_Phase_F4_1_01d00h00m_4.tif,44.82247370978075,57,11.959566337907104,12.177526290219248,0.03508771929824561,0.03508771929824561,0.03508771929824561
livecell/images/livecell_test_images/SKOV3_Phase_F4_1_01d12h00m_1.tif,40.16026475187027,134,53.881254361794376,93.83973524812973,0.007462686567164179,0.007462686567164179,0.007462686567164179
livecell/images/livecell_test_images/SKOV3_Phase_E4_2_02d16h00m_3.tif,97.94190843792603,237,41.517077456983934,139.05809156207397,0.004219409282700422,0.004219409282700422,0.004219409282700422
livecell/images/livecell_test_images/SKOV3_Phase_F4_1_00d08h00m_4.tif,33.67049224060611,53,22.3022937330657,19.32950775939389,0.018867924528301886,0.018867924528301886,0.018867924528301886
livecell/images/livecell_test_images/SKOV3_Phase_E4_2_01d00h00m_2.tif,85.74650435352669,116,14.995796702112452,30.25349564647331,0.0603448275862069,0.0603448275862069,0.0603448275862069
livecell/images/livecell_test_images/SKOV3_Phase_F4_1_02d20h00m_3.tif,139.98886123137345,263,30.524699465080374,123.01113876862655,0.0076045627376425855,0.0076045627376425855,0.0076045627376425855
livecell/images/livecell_test_images/SKOV3_Phase_E4_2_00d16h00m_1.tif,47.04348098574701,79,25.353567486656953,31.95651901425299,0.0,0.0,0.0
livecell/images/livecell_test_images/SKOV3_Phase_E4_1_01d16h00m_4.tif,48.809980823822116,131,45.70937541932542,82.19001917617788,0.0,0.0,0.0
livecell/images/livecell_test_images/SKOV3_Phase_E4_2_02d12h00m_2.tif,117.00043011561502,248,35.89025082597587,130.99956988438498,0.004032258064516129,0.004032258064516129,0.004032258064516129
livecell/images/livecell_test_images/SKOV3_Phase_E4_2_02d00h00m_2.tif,87.48389384881739,386,63.04672873339558,298.5161061511826,0.0,0.0,0.0
livecell/images/livecell_test_images/SKOV3_Phase_F4_1_01d20h00m_3.tif,82.42616154471034,152,29.678359273915923,69.57383845528966,0.013157894736842105,0.013157894736842105,0.013157894736842105
livecell/images/livecell_test_images/SKOV3_Phase_F4_1_01d20h00m_4.tif,54.47674010802439,108,32.942105963222865,53.52325989197561,0.009259259259259259,0.009259259259259259,0.009259259259259259
livecell/images/livecell_test_images/SKOV3_Phase_F4_1_01d08h00m_4.tif,47.16560402891264,98,35.01820993419534,50.83439597108736,0.01020408163265306,0.01020408163265306,0.01020408163265306
livecell/images/livecell_test_images/SKOV3_Phase_E4_1_02d08h00m_2.tif,89.87155619195255,264,49.2066798704765,174.12844380804745,0.003787878787878788,0.003787878787878788,0.003787878787878788
livecell/images/livecell_test_images/SKOV3_Phase_E4_1_00d12h00m_3.tif,52.887337328953436,74,16.638904334726732,21.112662671046564,0.02702702702702703,0.02702702702702703,0.02702702702702703
livecell/images/livecell_test_images/SKOV3_Phase_F4_1_02d16h00m_1.tif,89.97712560688524,259,48.43379751586217,169.02287439311476,0.0,0.0,0.0
livecell/images/livecell_test_images/SKOV3_Phase_F4_2_02d16h00m_4.tif,102.75348175299587,212,34.70859722935036,109.24651824700413,0.0,0.0,0.0
livecell/images/livecell_test_images/SKOV3_Phase_E4_1_02d12h00m_4.tif,81.11130417785898,224,46.83166236897165,142.88869582214102,0.004464285714285714,0.004464285714285714,0.004464285714285714
livecell/images/livecell_test_images/SKOV3_Phase_E4_1_00d08h00m_1.tif,59.56019130126515,111,30.159328684074527,51.43980869873485,0.009009009009009009,0.009009009009009009,0.009009009009009009
livecell/images/livecell_test_images/SKOV3_Phase_F4_1_02d20h00m_1.tif,116.31540035209036,290,42.74625069524911,173.68459964790964,0.0,0.0,0.0
livecell/images/livecell_test_images/SKOV3_Phase_F4_1_02d12h00m_4.tif,89.12569085750874,169,30.94395946298259,79.87430914249126,0.005917159763313609,0.005917159763313609,0.00591715976331361
livecell/images/livecell_test_images/SKOV3_Phase_E4_1_02d12h00m_1.tif,115.87446750358504,328,47.78953240753855,212.12553249641496,0.006097560975609756,0.006097560975609756,0.006097560975609756
livecell/images/livecell_test_images/SKOV3_Phase_E4_1_02d20h00m_1.tif,137.6094120851776,384,47.23660697184417,246.3905879148224,0.0,0.0,0.0
livecell/images/livecell_test_images/SKOV3_Phase_E4_2_02d16h00m_1.tif,139.52341163901292,241,26.667633385262977,101.47658836098708,0.0,0.0,0.0
livecell/images/livecell_test_images/SKOV3_Phase_F4_2_00d20h00m_4.tif,59.073748040445935,69,7.750418888669781,9.926251959554065,0.014492753623188406,0.014492753623188406,0.014492753623188406
livecell/images/livecell_test_images/SKOV3_Phase_F4_2_01d12h00m_2.tif,73.40487289691009,112,20.816673531849293,38.59512710308991,0.017857142857142856,0.017857142857142856,0.017857142857142856
livecell/images/livecell_test_images/SKOV3_Phase_F4_2_00d16h00m_2.tif,82.69389772527938,72,6.912940899757183,10.693897725279385,0.05555555555555555,0.05555555555555555,0.05555555555555555
livecell/images/livecell_test_images/SKOV3_Phase_F4_2_01d12h00m_1.tif,79.17779828129278,138,27.084813541814984,58.82220171870722,0.021739130434782608,0.021739130434782608,0.021739130434782608
livecell/images/livecell_test_images/SKOV3_Phase_E4_1_02d04h00m_1.tif,103.01236417746259,289,47.4443290105874,185.9876358225374,0.010380622837370242,0.010380622837370242,0.010380622837370242
livecell/images/livecell_test_images/SKOV3_Phase_E4_2_01d16h00m_3.tif,73.84757386420097,141,31.25584568073558,67.15242613579903,0.0070921985815602835,0.0070921985815602835,0.0070921985815602835
livecell/images/livecell_test_images/SKOV3_Phase_E4_1_00d12h00m_4.tif,49.902287755445286,90,28.6612269805388,40.097712244554714,0.022222222222222223,0.022222222222222223,0.022222222222222223
livecell/images/livecell_test_images/SKOV3_Phase_F4_2_00d08h00m_3.tif,60.99860200092007,73,8.956360603670717,12.001397999079927,0.0136986301369863,0.0136986301369863,0.0136986301369863
livecell/images/livecell_test_images/SKOV3_Phase_E4_1_01d12h00m_1.tif,79.21528415450302,176,37.922774165400355,96.78471584549698,0.005681818181818182,0.005681818181818182,0.005681818181818182
livecell/images/livecell_test_images/SKOV3_Phase_E4_2_01d08h00m_1.tif,91.23250749419094,135,19.34624382260047,43.76749250580906,0.0,0.0,0.0
livecell/images/livecell_test_images/SKOV3_Phase_E4_2_00d16h00m_3.tif,51.03810883623737,80,22.101884269374843,28.96189116376263,0.0,0.0,0.0
livecell/images/livecell_test_images/SHSY5Y_Phase_A10_1_02d04h00m_1.tif,210.53317678936583,578,46.601314190333994,367.4668232106342,0.0017301038062283738,0.0017301038062283738,0.0017301038062283735
livecell/images/livecell_test_images/SHSY5Y_Phase_A10_1_00d16h00m_4.tif,80.77507204076392,215,45.38074389877492,134.22492795923608,0.0,0.0,0.0
livecell/images/livecell_test_images/SHSY5Y_Phase_A10_1_02d04h00m_2.tif,307.4075363460579,585,31.10601965448858,277.5924636539421,0.0017094017094017094,0.0017094017094017094,0.0017094017094017096
livecell/images/livecell_test_images/SHSY5Y_Phase_A10_2_00d08h00m_3.tif,40.1506037157269,149,57.54641758789313,108.8493962842731,0.0,0.0,0.0
livecell/images/livecell_test_images/SHSY5Y_Phase_A10_1_00d08h00m_3.tif,43.2196279630698,150,55.26372924045751,106.7803720369302,0.006666666666666667,0.006666666666666667,0.006666666666666668
livecell/images/livecell_test_images/SHSY5Y_Phase_A10_1_01d08h00m_3.tif,81.62816522413777,230,47.61181797195583,148.37183477586223,0.0,0.0,0.0
livecell/images/livecell_test_images/SHSY5Y_Phase_A10_2_01d04h00m_4.tif,36.94980855124959,127,54.9254630087606,90.05019144875041,0.0,0.0,0.0
livecell/images/livecell_test_images/SHSY5Y_Phase_A10_2_02d16h00m_3.tif,171.72926096602168,569,53.63238094791583,397.2707390339783,0.0017574692442882249,0.0017574692442882249,0.0017574692442882249
livecell/images/livecell_test_images/SHSY5Y_Phase_A10_2_01d16h00m_2.tif,105.00360814652959,318,50.353327430646374,212.9963918534704,0.0031446540880503146,0.0031446540880503146,0.0031446540880503146
livecell/images/livecell_test_images/SHSY5Y_Phase_A10_2_00d12h00m_1.tif,37.39840617275331,167,63.40636223831907,129.6015938272467,0.0,0.0,0.0
livecell/images/livecell_test_images/SHSY5Y_Phase_A10_1_00d08h00m_4.tif,66.29991350784621,161,41.663054345546335,94.70008649215379,0.018633540372670808,0.018633540372670808,0.018633540372670808
livecell/images/livecell_test_images/SHSY5Y_Phase_A10_1_03d00h00m_1.tif,221.94200932073,922,61.19698244974522,700.05799067927,0.0010845986984815619,0.0010845986984815619,0.0010845986984815619
livecell/images/livecell_test_images/SHSY5Y_Phase_A10_2_00d00h00m_4.tif,23.929634089481624,75,51.62292004873418,51.070365910518376,0.10666666666666667,0.10666666666666667,0.10666666666666669
livecell/images/livecell_test_images/SHSY5Y_Phase_A10_2_01d08h00m_1.tif,78.92504943018139,227,48.40236222748817,148.0749505698186,0.004405286343612335,0.004405286343612335,0.004405286343612335
livecell/images/livecell_test_images/SHSY5Y_Phase_A10_1_03d08h00m_4.tif,281.39160325637204,1351,65.52400751204077,1069.608396743628,0.0022205773501110288,0.0022205773501110288,0.0022205773501110288
livecell/images/livecell_test_images/SHSY5Y_Phase_A10_1_02d16h00m_4.tif,217.7596318246069,871,59.998584543463906,653.2403681753931,0.004592422502870264,0.004592422502870264,0.004592422502870264
livecell/images/livecell_test_images/SHSY5Y_Phase_A10_1_01d12h00m_4.tif,137.9670108190112,339,42.14819570766338,201.0329891809888,0.008849557522123894,0.008849557522123894,0.008849557522123894
livecell/images/livecell_test_images/SHSY5Y_Phase_A10_2_00d08h00m_2.tif,46.78698091487968,131,47.36737113806977,84.21301908512032,0.0,0.0,0.0
livecell/images/livecell_test_images/SHSY5Y_Phase_A10_1_01d12h00m_1.tif,95.88460790202225,328,54.75909900262985,232.11539209797775,0.0,0.0,0.0
livecell/images/livecell_test_images/SHSY5Y_Phase_A10_1_00d08h00m_1.tif,38.51306686420867,214,69.49617907502629,175.48693313579133,0.004672897196261682,0.004672897196261682,0.004672897196261682
livecell/images/livecell_test_images/SHSY5Y_Phase_A10_1_02d04h00m_4.tif,409.9725708581682,516,11.450385516664738,106.02742914183182,0.001937984496124031,0.001937984496124031,0.001937984496124031
livecell/images/livecell_test_images/SHSY5Y_Phase_A10_1_03d08h00m_3.tif,218.86572832780075,731,53.91649118384242,512.1342716721992,0.0013679890560875513,0.0013679890560875513,0.0013679890560875513
livecell/images/livecell_test_images/SHSY5Y_Phase_A10_1_02d16h00m_3.tif,200.7334288754646,728,56.77264915110937,527.2665711245354,0.0013736263736263737,0.0013736263736263737,0.0013736263736263737
livecell/images/livecell_test_images/SHSY5Y_Phase_A10_1_03d08h00m_1.tif,211.44622806535335,1251,71.08321331648929,1039.5537719346466,0.0007993605115907274,0.0007993605115907274,0.0007993605115907274
livecell/images/livecell_test_images/SHSY5Y_Phase_A10_2_00d20h00m_3.tif,49.78756185439488,166,53.8550216457892,116.21243814560512,0.012048192771084338,0.012048192771084338,0.012048192771084338
livecell/images/livecell_test_images/SHSY5Y_Phase_A10_1_00d08h00m_2.tif,53.8273754502261,158,49.17807451863168,104.1726245497739,0.0,0.0,0.0
livecell/images/livecell_test_images/SHSY5Y_Phase_A10_1_00d16h00m_3.tif,63.80166696126253,190,49.72320889365908,126.19833303873747,0.010526315789473684,0.010526315789473684,0.010526315789473684
livecell/images/livecell_test_images/SHSY5Y_Phase_A10_1_01d20h00m_2.tif,185.10534720958094,383,34.83414718105326,197.89465279041906,0.007832898172323759,0.007832898172323759,0.007832898172323759
livecell/images/livecell_test_images/SHSY5Y_Phase_A10_1_01d08h00m_2.tif,105.9347881243084,357,54.233386281671045,251.0652118756916,0.0,0.0,0.0
livecell/images/livecell_test_images/SHSY5Y_Phase_A10_1_00d12h00m_1.tif,50.84493637467676,213,61.45847096911977,162.15506362532324,0.009389671361502348,0.009389671361502348,0.009389671361502348
livecell/images/livecell_test_images/SHSY5Y_Phase_A10_1_00d00h00m_3.tif,55.97405153893487,153,46.42966327471896,97.02594846106513,0.032679738562091505,0.032679738562091505,0.032679738562091505
livecell/images/livecell_test_images/SHSY5Y_Phase_A10_1_01d16h00m_4.tif,144.18357607247162,330,39.186600570731116,185.81642392752838,0.0030303030303030303,0.0030303030303030303,0.0030303030303030303
livecell/images/livecell_test_images/SHSY5Y_Phase_A10_2_01d16h00m_3.tif,101.13434123415209,436,62.34299933168311,334.8656587658479,0.0045871559633027525,0.0045871559633027525,0.0045871559633027525
livecell/images/livecell_test_images/SHSY5Y_Phase_A10_1_01d20h00m_4.tif,178.65156447101617,516,48.56369045765814,337.3484355289838,0.007751937984496124,0.007751937984496124,0.007751937984496124
livecell/images/livecell_test_images/SHSY5Y_Phase_A10_2_02d12h00m_4.tif,89.05245651813311,268,50.11799813027723,178.9475434818669,0.007462686567164179,0.007462686567164179,0.007462686567164179
livecell/images/livecell_test_images/SHSY5Y_Phase_A10_2_00d16h00m_3.tif,57.658239524564124,145,43.09805546536844,87.34176047543588,0.013793103448275862,0.013793103448275862,0.013793103448275862
livecell/images/livecell_test_images/SHSY5Y_Phase_A10_2_01d20h00m_3.tif,128.7835422434,292,38.7886980765489,163.2164577566,0.0,0.0,0.0
livecell/images/livecell_test_images/SHSY5Y_Phase_A10_2_01d08h00m_3.tif,85.5612248093239,253,49.45598105186937,167.4387751906761,0.015810276679841896,0.015810276679841896,0.015810276679841896
livecell/images/livecell_test_images/SHSY5Y_Phase_A10_1_01d20h00m_1.tif,149.78616098080238,360,41.235689610474516,210.21383901919762,0.0,0.0,0.0
livecell/images/livecell_test_images/SHSY5Y_Phase_A10_2_00d20h00m_4.tif,25.651270655493136,83,52.78238256996165,57.348729344506864,0.0,0.0,0.0
livecell/images/livecell_test_images/SHSY5Y_Phase_A10_2_03d00h00m_4.tif,136.4445245355164,421,51.04642039521078,284.5554754644836,0.009501187648456057,0.009501187648456057,0.009501187648456057
livecell/images/livecell_test_images/SHSY5Y_Phase_A10_1_01d04h00m_4.tif,109.9020254894931,333,50.371856905359635,223.0979745105069,0.003003003003003003,0.003003003003003003,0.0030030030030030034
livecell/images/livecell_test_images/SHSY5Y_Phase_A10_2_01d00h00m_2.tif,73.30222987212619,216,49.32480824325043,142.6977701278738,0.009259259259259259,0.009259259259259259,0.009259259259259259
livecell/images/livecell_test_images/SHSY5Y_Phase_A10_2_03d08h00m_4.tif,141.73260366959585,454,52.41737558208134,312.26739633040415,0.0022026431718061676,0.0022026431718061676,0.0022026431718061676
livecell/images/livecell_test_images/SHSY5Y_Phase_A10_2_01d00h00m_4.tif,29.513759047960775,106,56.44167905117986,76.48624095203922,0.02830188679245283,0.02830188679245283,0.02830188679245283
livecell/images/livecell_test_images/SHSY5Y_Phase_A10_2_02d20h00m_1.tif,173.85240747396892,606,55.41402301055997,432.1475925260311,0.0,0.0,0.0
livecell/images/livecell_test_images/SHSY5Y_Phase_A10_1_02d16h00m_2.tif,199.23597704802523,760,58.459444429689015,560.7640229519748,0.0,0.0,0.0
livecell/images/livecell_test_images/SHSY5Y_Phase_A10_1_02d12h00m_3.tif,176.49010726025153,598,54.424180346322835,421.50989273974847,0.0016722408026755853,0.0016722408026755853,0.0016722408026755853
livecell/images/livecell_test_images/SHSY5Y_Phase_A10_1_02d20h00m_3.tif,206.36224161034625,790,58.5768643185799,583.6377583896538,0.0012658227848101266,0.0012658227848101266,0.0012658227848101266
livecell/images/livecell_test_images/SHSY5Y_Phase_A10_2_02d16h00m_1.tif,165.0779052121943,505,50.72874245572419,339.9220947878057,0.0019801980198019802,0.0019801980198019802,0.0019801980198019802
livecell/images/livecell_test_images/SHSY5Y_Phase_A10_1_00d16h00m_1.tif,57.285706109971215,209,56.9742537466031,151.71429389002878,0.004784688995215311,0.004784688995215311,0.004784688995215311
livecell/images/livecell_test_images/SHSY5Y_Phase_A10_1_00d12h00m_4.tif,69.49228049319936,166,40.98126669149464,96.50771950680064,0.018072289156626505,0.018072289156626505,0.018072289156626505
livecell/images/livecell_test_images/SHSY5Y_Phase_A10_2_00d16h00m_4.tif,24.828211360820205,67,45.9246543237942,42.171788639179795,0.014925373134328358,0.014925373134328358,0.014925373134328358
livecell/images/livecell_test_images/SHSY5Y_Phase_A10_1_03d12h00m_1.tif,215.36643259336415,1422,73.69355712853437,1206.6335674066358,0.0007032348804500703,0.0007032348804500703,0.0007032348804500702
livecell/images/livecell_test_images/SHSY5Y_Phase_A10_2_01d04h00m_1.tif,67.06416640018142,210,51.58943339983102,142.93583359981858,0.009523809523809525,0.009523809523809525,0.009523809523809525
livecell/images/livecell_test_images/SHSY5Y_Phase_A10_2_03d08h00m_1.tif,214.11953592127247,818,58.50877181001155,603.8804640787275,0.0,0.0,0.0
livecell/images/livecell_test_images/SHSY5Y_Phase_A10_1_02d00h00m_3.tif,128.57667673288233,506,59.47639380796051,377.42332326711767,0.001976284584980237,0.001976284584980237,0.001976284584980237
livecell/images/livecell_test_images/SHSY5Y_Phase_A10_2_03d08h00m_3.tif,195.6654651743156,710,56.79078584791672,514.3345348256844,0.0014084507042253522,0.0014084507042253522,0.0014084507042253522
livecell/images/livecell_test_images/SHSY5Y_Phase_A10_1_01d04h00m_2.tif,102.40334158475889,359,55.612223685663274,256.5966584152411,0.005571030640668524,0.005571030640668524,0.005571030640668524
livecell/images/livecell_test_images/SHSY5Y_Phase_A10_1_02d08h00m_2.tif,205.9370682722074,830,60.24139408088166,624.0629317277926,0.0012048192771084338,0.0012048192771084338,0.0012048192771084338
livecell/images/livecell_test_images/SHSY5Y_Phase_A10_1_00d20h00m_4.tif,80.8948829285946,249,50.957176291755815,168.1051170714054,0.004016064257028112,0.004016064257028112,0.004016064257028112
livecell/images/livecell_test_images/SHSY5Y_Phase_A10_1_01d16h00m_2.tif,126.78035579459538,454,56.34137603668062,327.2196442054046,0.0022026431718061676,0.0022026431718061676,0.0022026431718061676
livecell/images/livecell_test_images/SHSY5Y_Phase_A10_1_03d12h00m_2.tif,319.5759491977806,803,43.06381685334393,483.4240508022194,0.0024906600249066002,0.0024906600249066002,0.0024906600249066002
livecell/images/livecell_test_images/SHSY5Y_Phase_A10_2_01d04h00m_2.tif,73.81547570778639,217,49.23552432817795,143.1845242922136,0.004608294930875576,0.004608294930875576,0.004608294930875576
livecell/images/livecell_test_images/SHSY5Y_Phase_A10_2_03d12h00m_2.tif,198.46932425252453,570,48.346845348557835,371.53067574747547,0.0035087719298245615,0.0035087719298245615,0.0035087719298245615
livecell/images/livecell_test_images/SHSY5Y_Phase_A10_1_02d00h00m_2.tif,163.414030849337,564,55.06987109981013,400.585969150663,0.0035460992907801418,0.0035460992907801418,0.0035460992907801418
livecell/images/livecell_test_images/SHSY5Y_Phase_A10_1_00d04h00m_1.tif,71.29413831959391,158,37.81425130002846,86.70586168040609,0.006329113924050633,0.006329113924050633,0.006329113924050633
livecell/images/livecell_test_images/SHSY5Y_Phase_A10_2_01d12h00m_2.tif,82.18481113678718,349,61.879542593296385,266.8151888632128,0.0,0.0,0.0
livecell/images/livecell_test_images/SHSY5Y_Phase_A10_2_02d00h00m_3.tif,130.79247617510555,308,40.38526944891772,177.20752382489445,0.0,0.0,0.0
livecell/images/livecell_test_images/SHSY5Y_Phase_A10_2_03d00h00m_1.tif,192.37158711119264,522,46.14243047120243,329.62841288880736,0.0038314176245210726,0.0038314176245210726,0.0038314176245210726
livecell/images/livecell_test_images/SHSY5Y_Phase_A10_1_00d04h00m_2.tif,79.58543082810502,174,37.231858653541764,94.41456917189498,0.028735632183908046,0.028735632183908046,0.028735632183908046
livecell/images/livecell_test_images/SHSY5Y_Phase_A10_2_00d12h00m_2.tif,45.24096943801487,142,51.67620678978416,96.75903056198513,0.007042253521126761,0.007042253521126761,0.007042253521126761
livecell/images/livecell_test_images/SHSY5Y_Phase_A10_1_03d04h00m_3.tif,199.93199283993454,956,65.40765476198396,756.0680071600655,0.0010460251046025104,0.0010460251046025104,0.0010460251046025104
livecell/images/livecell_test_images/SHSY5Y_Phase_A10_2_01d20h00m_2.tif,122.15886183005932,522,62.07182138797091,399.8411381699407,0.005747126436781609,0.005747126436781609,0.005747126436781609
livecell/images/livecell_test_images/SHSY5Y_Phase_A10_2_03d00h00m_3.tif,217.00101673038444,716,53.483219666609926,498.99898326961556,0.002793296089385475,0.002793296089385475,0.002793296089385475
livecell/images/livecell_test_images/SHSY5Y_Phase_A10_1_00d20h00m_1.tif,61.47838081400914,250,60.52478463940694,188.52161918599086,0.0,0.0,0.0
livecell/images/livecell_test_images/SHSY5Y_Phase_A10_1_00d00h00m_4.tif,48.55953535326262,122,43.058551076975924,73.44046464673738,0.040983606557377046,0.040983606557377046,0.040983606557377046
livecell/images/livecell_test_images/SHSY5Y_Phase_A10_1_03d04h00m_2.tif,283.51122230153123,921,52.92510072927183,637.4887776984688,0.0,0.0,0.0
livecell/images/livecell_test_images/SHSY5Y_Phase_A10_2_03d12h00m_1.tif,207.9975101804448,605,48.831944114003555,397.0024898195552,0.003305785123966942,0.003305785123966942,0.003305785123966942
livecell/images/livecell_test_images/SHSY5Y_Phase_A10_2_01d12h00m_1.tif,82.43991162975726,298,56.66074504297147,215.56008837024274,0.003355704697986577,0.003355704697986577,0.003355704697986577
livecell/images/livecell_test_images/SHSY5Y_Phase_A10_2_00d04h00m_3.tif,67.88810097946407,123,28.871311903545482,55.11189902053593,0.032520325203252036,0.032520325203252036,0.032520325203252036
livecell/images/livecell_test_images/SHSY5Y_Phase_A10_1_02d20h00m_4.tif,232.98291519860504,861,57.40648012655507,628.017084801395,0.003484320557491289,0.003484320557491289,0.003484320557491289
livecell/images/livecell_test_images/SHSY5Y_Phase_A10_2_02d16h00m_2.tif,164.0461311214749,626,58.47175888612719,461.9538688785251,0.003194888178913738,0.003194888178913738,0.003194888178913738
livecell/images/livecell_test_images/SHSY5Y_Phase_A10_1_02d20h00m_2.tif,239.02772284855018,902,58.103082324446454,662.9722771514498,0.0022172949002217295,0.0022172949002217295,0.0022172949002217295
livecell/images/livecell_test_images/SHSY5Y_Phase_A10_2_02d08h00m_2.tif,133.3192802531412,416,51.46018534368426,282.6807197468588,0.007211538461538462,0.007211538461538462,0.007211538461538462
livecell/images/livecell_test_images/SHSY5Y_Phase_A10_2_01d00h00m_1.tif,61.08033471768431,135,37.698663350786774,73.91966528231569,0.0,0.0,0.0
livecell/images/livecell_test_images/SHSY5Y_Phase_A10_2_02d08h00m_3.tif,139.5319231785761,436,51.512012606368614,296.4680768214239,0.006880733944954129,0.006880733944954129,0.006880733944954129
livecell/images/livecell_test_images/SHSY5Y_Phase_A10_2_02d04h00m_4.tif,101.37461234375951,199,32.50121136886045,97.62538765624049,0.010050251256281407,0.010050251256281407,0.010050251256281407
livecell/images/livecell_test_images/SHSY5Y_Phase_A10_2_03d04h00m_2.tif,183.55405331331713,787,62.175408430536606,603.4459466866829,0.0025412960609911056,0.0025412960609911056,0.0025412960609911056
livecell/images/livecell_test_images/SHSY5Y_Phase_A10_1_01d04h00m_3.tif,79.60169927588868,334,61.50804050599841,254.39830072411132,0.0029940119760479044,0.0029940119760479044,0.0029940119760479044
livecell/images/livecell_test_images/SHSY5Y_Phase_A10_1_02d20h00m_1.tif,183.23324724483246,981,68.52293169286216,797.7667527551675,0.0,0.0,0.0
livecell/images/livecell_test_images/SHSY5Y_Phase_A10_1_00d20h00m_2.tif,68.40087736423084,227,53.6894555124207,158.59912263576916,0.004405286343612335,0.004405286343612335,0.004405286343612335
livecell/images/livecell_test_images/SHSY5Y_Phase_A10_1_00d04h00m_3.tif,79.05152915313374,194,42.09772096987614,114.94847084686626,0.015463917525773196,0.015463917525773196,0.015463917525773196
livecell/images/livecell_test_images/SHSY5Y_Phase_A10_2_01d20h00m_4.tif,64.43353031425795,193,49.94161775616274,128.56646968574205,0.0,0.0,0.0
livecell/images/livecell_test_images/SHSY5Y_Phase_A10_2_03d12h00m_3.tif,192.1122220736579,735,58.556856980277225,542.8877779263421,0.0,0.0,0.0
livecell/images/livecell_test_images/SHSY5Y_Phase_A10_1_03d00h00m_3.tif,236.50107671660953,986,61.30865138347305,749.4989232833905,0.0030425963488843813,0.0030425963488843813,0.0030425963488843813
livecell/images/livecell_test_images/SHSY5Y_Phase_A10_1_01d00h00m_1.tif,81.40493474322284,412,67.00278857746427,330.59506525677716,0.0,0.0,0.0
livecell/images/livecell_test_images/SHSY5Y_Phase_A10_2_03d12h00m_4.tif,160.311706300301,1010,72.60358835389361,849.688293699699,0.0019801980198019802,0.0019801980198019802,0.0019801980198019802
livecell/images/livecell_test_images/SHSY5Y_Phase_A10_1_02d12h00m_4.tif,233.60776749993965,720,51.0054814019844,486.39223250006035,0.005555555555555556,0.005555555555555556,0.005555555555555556
livecell/images/livecell_test_images/SHSY5Y_Phase_A10_1_02d12h00m_1.tif,170.02249546359235,675,59.759060527657226,504.97750453640765,0.0,0.0,0.0
livecell/images/livecell_test_images/SHSY5Y_Phase_A10_1_03d12h00m_4.tif,358.85570395662216,876,41.87892515590178,517.1442960433778,0.0045662100456621,0.0045662100456621,0.0045662100456621
livecell/images/livecell_test_images/SHSY5Y_Phase_A10_2_01d08h00m_4.tif,40.782418807415524,155,58.33903875962244,114.21758119258448,0.0064516129032258064,0.0064516129032258064,0.0064516129032258064
livecell/images/livecell_test_images/SHSY5Y_Phase_A10_1_01d00h00m_4.tif,95.66638782223163,278,48.79582914600066,182.33361217776837,0.01079136690647482,0.01079136690647482,0.01079136690647482
livecell/images/livecell_test_images/SHSY5Y_Phase_A10_2_02d16h00m_4.tif,92.54747893322201,329,56.091551458248624,236.452521066778,0.0060790273556231,0.0060790273556231,0.0060790273556231
livecell/images/livecell_test_images/SHSY5Y_Phase_A10_2_03d04h00m_1.tif,189.58654116785328,653,54.99891538616794,463.4134588321467,0.0015313935681470138,0.0015313935681470138,0.0015313935681470138
livecell/images/livecell_test_images/SHSY5Y_Phase_A10_1_02d00h00m_4.tif,180.87504184841237,494,46.39747193702274,313.12495815158763,0.006072874493927126,0.006072874493927126,0.006072874493927126
livecell/images/livecell_test_images/SHSY5Y_Phase_A10_2_00d20h00m_2.tif,44.043751200188126,163,57.45464333516374,118.95624879981187,0.018404907975460124,0.018404907975460124,0.018404907975460124
livecell/images/livecell_test_images/SHSY5Y_Phase_A10_1_01d08h00m_1.tif,75.59479111651308,345,64.05338691150276,269.4052088834869,0.002898550724637681,0.002898550724637681,0.002898550724637681
livecell/images/livecell_test_images/SHSY5Y_Phase_A10_2_01d16h00m_1.tif,99.39990006596781,248,42.77494032261221,148.6000999340322,0.0,0.0,0.0
livecell/images/livecell_test_images/SHSY5Y_Phase_A10_1_00d00h00m_1.tif,57.163499706366565,170,49.67193252414531,112.83650029363343,0.041176470588235294,0.041176470588235294,0.041176470588235294
livecell/images/livecell_test_images/SHSY5Y_Phase_A10_1_01d20h00m_3.tif,149.5717579316406,452,50.27301200245603,302.4282420683594,0.004424778761061947,0.004424778761061947,0.004424778761061947
livecell/images/livecell_test_images/SHSY5Y_Phase_A10_2_00d00h00m_2.tif,47.43934654848272,128,45.919376147045966,80.56065345151728,0.0546875,0.0546875,0.0546875
livecell/images/livecell_test_images/SHSY5Y_Phase_A10_1_00d04h00m_4.tif,83.45937469985074,174,35.16695610936779,90.54062530014926,0.022988505747126436,0.022988505747126436,0.022988505747126436
livecell/images/livecell_test_images/SHSY5Y_Phase_A10_1_03d04h00m_4.tif,270.65897305677936,1266,64.77305924054517,995.3410269432206,0.001579778830963665,0.001579778830963665,0.001579778830963665
livecell/images/livecell_test_images/SHSY5Y_Phase_A10_2_01d12h00m_3.tif,90.25318028179026,227,43.10337239070342,136.74681971820974,0.00881057268722467,0.00881057268722467,0.00881057268722467
livecell/images/livecell_test_images/SHSY5Y_Phase_A10_2_01d16h00m_4.tif,59.2790121530561,166,47.372805316829485,106.7209878469439,0.0,0.0,0.0
livecell/images/livecell_test_images/SHSY5Y_Phase_A10_2_00d08h00m_1.tif,37.8260189005814,113,49.841520479944734,75.1739810994186,0.008849557522123894,0.008849557522123894,0.008849557522123894
livecell/images/livecell_test_images/SHSY5Y_Phase_A10_2_03d04h00m_3.tif,189.3942681215558,753,59.805725792651664,563.6057318784442,0.005312084993359893,0.005312084993359893,0.005312084993359893
livecell/images/livecell_test_images/SHSY5Y_Phase_A10_2_03d04h00m_4.tif,138.46981466283614,615,63.24476124506757,476.53018533716386,0.0032520325203252032,0.0032520325203252032,0.0032520325203252032
livecell/images/livecell_test_images/SHSY5Y_Phase_A10_1_00d12h00m_2.tif,67.51429960871974,184,46.31374859103312,116.48570039128026,0.010869565217391304,0.010869565217391304,0.010869565217391304
livecell/images/livecell_test_images/SHSY5Y_Phase_A10_2_00d20h00m_1.tif,44.633697414530616,133,49.74636224525321,88.36630258546938,0.0,0.0,0.0
livecell/images/livecell_test_images/SHSY5Y_Phase_A10_2_02d00h00m_4.tif,74.65125624419306,173,39.712596353168315,98.34874375580694,0.005780346820809248,0.005780346820809248,0.005780346820809248
livecell/images/livecell_test_images/SHSY5Y_Phase_A10_2_02d04h00m_2.tif,194.5123709330801,351,28.68635752462464,156.4876290669199,0.008547008547008548,0.008547008547008548,0.008547008547008548
livecell/images/livecell_test_images/SHSY5Y_Phase_A10_2_00d16h00m_1.tif,48.59224774449103,133,46.482024042278894,84.40775225550897,0.007518796992481203,0.007518796992481203,0.007518796992481203
livecell/images/livecell_test_images/SHSY5Y_Phase_A10_2_00d12h00m_4.tif,20.278688166899883,82,60.346209889182745,61.72131183310012,0.0,0.0,0.0
livecell/images/livecell_test_images/SHSY5Y_Phase_A10_1_01d16h00m_3.tif,109.4216499911563,425,59.05044266340369,315.5783500088437,0.0,0.0,0.0
livecell/images/livecell_test_images/SHSY5Y_Phase_A10_1_01d12h00m_2.tif,127.89682409136003,352,46.69819941670973,224.10317590863997,0.005681818181818182,0.005681818181818182,0.005681818181818182
livecell/images/livecell_test_images/SHSY5Y_Phase_A10_1_02d08h00m_4.tif,216.02994658883836,691,52.36542136204332,474.97005341116164,0.002894356005788712,0.002894356005788712,0.002894356005788712
livecell/images/livecell_test_images/SHSY5Y_Phase_A10_1_03d04h00m_1.tif,192.2765737602749,1139,71.1139551990797,946.7234262397251,0.0,0.0,0.0
livecell/images/livecell_test_images/SHSY5Y_Phase_A10_2_01d04h00m_3.tif,70.15865506794944,228,52.93870972689994,157.84134493205056,0.0043859649122807015,0.0043859649122807015,0.0043859649122807015
livecell/images/livecell_test_images/SHSY5Y_Phase_A10_2_03d08h00m_2.tif,201.57443918257195,866,62.23693041266238,664.425560817428,0.0011547344110854503,0.0011547344110854503,0.0011547344110854503
livecell/images/livecell_test_images/SHSY5Y_Phase_A10_1_02d16h00m_1.tif,176.5543035730807,808,64.13518219719496,631.4456964269193,0.0,0.0,0.0
livecell/images/livecell_test_images/SHSY5Y_Phase_A10_2_02d20h00m_2.tif,166.95918360001815,527,51.88213153001531,360.04081639998185,0.003795066413662239,0.003795066413662239,0.0037950664136622387
livecell/images/livecell_test_images/SHSY5Y_Phase_A10_2_01d08h00m_2.tif,86.77676040677761,304,55.58755320226941,217.2232395932224,0.006578947368421052,0.006578947368421052,0.006578947368421052
livecell/images/livecell_test_images/SHSY5Y_Phase_A10_1_01d12h00m_3.tif,101.26095257885027,310,50.755863427401025,208.73904742114973,0.0,0.0,0.0
livecell/images/livecell_test_images/SHSY5Y_Phase_A10_1_02d12h00m_2.tif,230.555424115184,717,51.3367939758302,486.444575884816,0.0,0.0,0.0
livecell/images/livecell_test_images/SHSY5Y_Phase_A10_1_03d00h00m_2.tif,306.99961423140485,981,52.32923817068029,674.0003857685952,0.0010193679918450561,0.0010193679918450561,0.0010193679918450561
livecell/images/livecell_test_images/SHSY5Y_Phase_A10_2_02d12h00m_3.tif,149.70439755229745,435,48.793134384145795,285.29560244770255,0.0022988505747126436,0.0022988505747126436,0.0022988505747126436
livecell/images/livecell_test_images/SHSY5Y_Phase_A10_2_01d12h00m_4.tif,51.63816360065903,138,45.54032519593585,86.36183639934097,0.014492753623188406,0.014492753623188406,0.014492753623188406
livecell/images/livecell_test_images/SHSY5Y_Phase_A10_2_02d20h00m_4.tif,94.90392937303113,266,47.407649710048894,171.09607062696887,0.0037593984962406013,0.0037593984962406013,0.0037593984962406013
livecell/images/livecell_test_images/SHSY5Y_Phase_A10_1_02d08h00m_1.tif,154.69165079890809,594,58.676806230217494,439.3083492010919,0.0,0.0,0.0
livecell/images/livecell_test_images/SHSY5Y_Phase_A10_2_02d12h00m_2.tif,152.98600846870977,536,55.59096800565651,383.01399153129023,0.0,0.0,0.0
livecell/images/livecell_test_images/SHSY5Y_Phase_A10_1_01d00h00m_3.tif,74.96708701068565,271,56.66230122730131,196.03291298931435,0.01845018450184502,0.01845018450184502,0.01845018450184502
livecell/images/livecell_test_images/SHSY5Y_Phase_A10_2_02d20h00m_3.tif,163.47227785925497,552,54.30367243623305,388.527722140745,0.0018115942028985507,0.0018115942028985507,0.0018115942028985507
livecell/images/livecell_test_images/SHSY5Y_Phase_A10_1_02d04h00m_3.tif,262.7612295682775,545,34.940866199108136,282.2387704317225,0.003669724770642202,0.003669724770642202,0.003669724770642202
livecell/images/livecell_test_images/SHSY5Y_Phase_A10_2_00d00h00m_1.tif,47.55239646596965,129,46.13225601258225,81.44760353403035,0.023255813953488372,0.023255813953488372,0.02325581395348837
livecell/images/livecell_test_images/SHSY5Y_Phase_A10_1_00d20h00m_3.tif,54.28475224217618,212,59.228043074125246,157.71524775782382,0.0,0.0,0.0
livecell/images/livecell_test_images/SHSY5Y_Phase_A10_2_02d04h00m_3.tif,215.88726861636678,338,22.0464954337506,122.11273138363322,0.008875739644970414,0.008875739644970414,0.008875739644970414
livecell/images/livecell_test_images/SHSY5Y_Phase_A10_2_02d08h00m_1.tif,136.6782321073988,418,50.71801120151596,281.3217678926012,0.004784688995215311,0.004784688995215311,0.004784688995215311
livecell/images/livecell_test_images/SHSY5Y_Phase_A10_2_02d12h00m_1.tif,156.72847099116188,485,51.15427222697731,328.2715290088381,0.0,0.0,0.0
livecell/images/livecell_test_images/SHSY5Y_Phase_A10_2_00d00h00m_3.tif,40.12714433322981,109,46.1839834556688,68.87285566677019,0.06422018348623854,0.06422018348623854,0.06422018348623854
livecell/images/livecell_test_images/SHSY5Y_Phase_A10_1_00d00h00m_2.tif,56.89701393238283,151,45.26423169224718,94.10298606761717,0.059602649006622516,0.059602649006622516,0.059602649006622516
livecell/images/livecell_test_images/SHSY5Y_Phase_A10_2_02d00h00m_1.tif,107.9510139007325,301,47.2058949696424,193.0489860992675,0.0,0.0,0.0
livecell/images/livecell_test_images/SHSY5Y_Phase_A10_2_00d16h00m_2.tif,50.873564104393154,153,50.09302522582729,102.12643589560685,0.0,0.0,0.0
livecell/images/livecell_test_images/SHSY5Y_Phase_A10_1_01d16h00m_1.tif,110.80266044745804,514,64.53194985818219,403.19733955254196,0.0019455252918287938,0.0019455252918287938,0.0019455252918287938
livecell/images/livecell_test_images/SHSY5Y_Phase_A10_2_00d04h00m_1.tif,48.649876132203644,132,46.13904291127156,83.35012386779636,0.030303030303030304,0.030303030303030304,0.030303030303030304
livecell/images/livecell_test_images/SHSY5Y_Phase_A10_1_03d00h00m_4.tif,354.0450870929053,1097,51.20136648514257,742.9549129070947,0.004557885141294439,0.004557885141294439,0.004557885141294439
livecell/images/livecell_test_images/SHSY5Y_Phase_A10_2_01d20h00m_1.tif,129.94769271128462,449,55.109004026694265,319.0523072887154,0.0022271714922048997,0.0022271714922048997,0.0022271714922048997
livecell/images/livecell_test_images/SHSY5Y_Phase_A10_2_00d08h00m_4.tif,19.35791946921563,99,67.28918596063943,79.64208053078437,0.0,0.0,0.0
livecell/images/livecell_test_images/SHSY5Y_Phase_A10_1_01d08h00m_4.tif,122.06011042156024,289,40.61203832384406,166.93988957843976,0.0,0.0,0.0
livecell/images/livecell_test_images/SHSY5Y_Phase_A10_2_01d00h00m_3.tif,69.24815286643934,181,44.65641238646986,111.75184713356066,0.0055248618784530384,0.0055248618784530384,0.0055248618784530384
livecell/images/livecell_test_images/SHSY5Y_Phase_A10_1_00d12h00m_3.tif,52.88681522936167,192,56.80713542717461,139.11318477063833,0.0,0.0,0.0
livecell/images/livecell_test_images/SHSY5Y_Phase_A10_2_03d00h00m_2.tif,207.6761074267124,712,54.837120210114456,504.3238925732876,0.0014044943820224719,0.0014044943820224719,0.0014044943820224719
livecell/images/livecell_test_images/SHSY5Y_Phase_A10_1_00d16h00m_2.tif,69.90857375088672,200,48.19833043509827,130.09142624911328,0.005,0.005,0.005
livecell/images/livecell_test_images/SHSY5Y_Phase_A10_2_00d04h00m_4.tif,37.4472773269772,72,31.570198470808414,34.5527226730228,0.041666666666666664,0.041666666666666664,0.041666666666666664
livecell/images/livecell_test_images/SHSY5Y_Phase_A10_2_02d08h00m_4.tif,73.08589637069235,263,56.50760882266784,189.91410362930765,0.0038022813688212928,0.0038022813688212928,0.0038022813688212928
livecell/images/livecell_test_images/SHSY5Y_Phase_A10_1_02d08h00m_3.tif,172.31095888429263,672,59.18305759953858,499.68904111570737,0.002976190476190476,0.002976190476190476,0.002976190476190476
livecell/images/livecell_test_images/SHSY5Y_Phase_A10_1_03d08h00m_2.tif,268.58157826768,1261,64.88169286506957,992.41842173232,0.0015860428231562252,0.0015860428231562252,0.0015860428231562252
livecell/images/livecell_test_images/SHSY5Y_Phase_A10_1_02d00h00m_1.tif,116.28084525642043,579,66.55140263110918,462.71915474357957,0.0,0.0,0.0
livecell/images/livecell_test_images/SHSY5Y_Phase_A10_2_02d04h00m_1.tif,201.46784311802185,319,22.582020856056314,117.53215688197815,0.003134796238244514,0.003134796238244514,0.003134796238244514
livecell/images/livecell_test_images/SHSY5Y_Phase_A10_2_02d00h00m_2.tif,105.15246356627176,378,56.472347138576275,272.84753643372824,0.0026455026455026454,0.0026455026455026454,0.0026455026455026454
livecell/images/livecell_test_images/SHSY5Y_Phase_A10_2_00d12h00m_3.tif,46.755146001956746,145,51.234533229705725,98.24485399804325,0.006896551724137931,0.006896551724137931,0.006896551724137931
livecell/images/livecell_test_images/SHSY5Y_Phase_A10_1_03d12h00m_3.tif,209.32167759211734,776,57.51201209666923,566.6783224078827,0.003865979381443299,0.003865979381443299,0.003865979381443299
livecell/images/livecell_test_images/SHSY5Y_Phase_A10_1_01d00h00m_2.tif,97.82540564330702,265,46.075768608398384,167.17459435669298,0.0,0.0,0.0
livecell/images/livecell_test_images/SHSY5Y_Phase_A10_1_01d04h00m_1.tif,89.26400776280207,434,65.88184685415403,344.73599223719793,0.002304147465437788,0.002304147465437788,0.002304147465437788
livecell/images/livecell_test_images/SHSY5Y_Phase_A10_2_00d04h00m_2.tif,66.36298226105282,143,36.604855792218885,76.63701773894718,0.006993006993006993,0.006993006993006993,0.006993006993006993
